"ID","Category","Requirement","Acceptance test","State","Code","Proof","Benchmarks","Checked","Assessment"
"A-01","Administration, accounts and access","Organization workspaces","Two companies cannot read each other's project records","dependency-blocked","","","BIMCLOUD; FORMA; ACONEX","no","State: dependency-blocked (assessed 2026-09-10). No account service is selected and authentication ships disabled by default, so this row cannot be assessed. There is no organisation or tenant model; project records are local to one profile."
"A-02","Administration, accounts and access","Individual sign-in and sign-out","Sign-out removes access and cached private views","dependency-blocked","","","BIMCLOUD; FORMA; ACONEX","no","State: dependency-blocked (assessed 2026-09-10). A Better Auth server with federated providers exists but ships disabled, email and password sign-in is switched off in code and no sign-in or sign-out forms are built (`src/lib/auth/`). With authentication off the app resolves a development identity, so sign-out behaviour cannot be assessed."
"A-03","Administration, accounts and access","Staff invitations","An accepted invitation grants only the invited role","dependency-blocked","","","BIMCLOUD; FORMA; ACONEX","no","State: dependency-blocked (assessed 2026-09-10). No account service is selected and authentication ships disabled by default, so this row cannot be assessed. There is no invitation model."
"A-04","Administration, accounts and access","Project roles","Viewer cannot edit; estimator cannot approve engineering","dependency-blocked","","","BIMCLOUD; FORMA; ACONEX","no","State: dependency-blocked (assessed 2026-09-10). No account service is selected and authentication ships disabled by default, so this row cannot be assessed. There is no project role model. The assistant permission mode governs tool execution, not user roles, and must not be read as satisfying this row."
"A-05","Administration, accounts and access","Document and field permissions","Restricted rates remain hidden in screens and exports","dependency-blocked","","","BIMCLOUD; FORMA; ACONEX","no","State: dependency-blocked (assessed 2026-09-10). No account service is selected and authentication ships disabled by default, so this row cannot be assessed. There is no field-level permission, so restricted rates cannot be hidden in screens or exports."
"A-06","Administration, accounts and access","External guest access","Guest sees only explicitly shared packages","dependency-blocked","","","BIMCLOUD; FORMA; ACONEX","no","State: dependency-blocked (assessed 2026-09-10). No account service is selected and authentication ships disabled by default, so this row cannot be assessed. There is no guest access or shared package."
"A-07","Administration, accounts and access","Access revocation","Previously valid links and sessions lose access when revoked","dependency-blocked","","","BIMCLOUD; FORMA; ACONEX","no","State: dependency-blocked (assessed 2026-09-10). No account service is selected and authentication ships disabled by default, so this row cannot be assessed. There is no session or link revocation."
"A-08","Administration, accounts and access","Multi-factor and enterprise identity","Enforced identity policy survives account recovery","dependency-blocked","src/lib/auth/providers.ts","","BIMCLOUD; FORMA; ACONEX","no","State: dependency-blocked (assessed 2026-09-10). Federated sign-in through a broker is scaffolded for two providers, but multi-factor policy and account recovery are not implemented and authentication is disabled by default (`src/lib/auth/providers.ts`)."
"A-09","Administration, accounts and access","Staff directory and teams","Reassignment preserves historical authorship","dependency-blocked","","","BIMCLOUD; FORMA; ACONEX","no","State: dependency-blocked (assessed 2026-09-10). No account service is selected and authentication ships disabled by default, so this row cannot be assessed. There is no staff directory, so authorship cannot survive reassignment."
"A-10","Administration, accounts and access","Audit trail","Actor, time, action and affected revision are recorded","partial","src/studio/assistant/workPacketStore.ts","","BIMCLOUD; FORMA; ACONEX","no","State: partial (assessed 2026-09-10). Assistant actions are journalled with work packets and raw task events, and takeoff evidence approval records a named reviewer with a timestamp (`src/studio/assistant/workPacketStore.ts`; SC-12 journey approved evidence for a named person). Remaining: there is no application-wide audit trail of actor, time, action and affected revision, and with no accounts the actor is not an authenticated identity."
"A-11","Administration, accounts and access","Account recovery and offboarding","Removed staff cannot retain active organization access","dependency-blocked","","","BIMCLOUD; FORMA; ACONEX","no","State: dependency-blocked (assessed 2026-09-10). No account service is selected and authentication ships disabled by default, so this row cannot be assessed. There is no offboarding path."
"A-12","Administration, accounts and access","Regional settings","Units, currency, date and timezone are explicit per project","partial","src/studio/architect/model.ts","","BIMCLOUD; FORMA; ACONEX","no","State: partial (assessed 2026-09-10). Units are fixed to millimetres by schema and currency is ISO-4217 validated per price book with an effective date and tax basis (`src/studio/architect/model.ts`, `priceBooks.ts`). Remaining: regional settings are not explicit or editable per project, and date and timezone handling is not declared."
"A-13","Administration, accounts and access","Custom fields and classifications","Required fields validate and survive export/import","gap","","","BIMCLOUD; FORMA; ACONEX","no","State: gap (assessed 2026-09-10). There are no user-defined custom fields or classifications, so validation and survival through export and import cannot be assessed."
"A-14","Administration, accounts and access","Organization templates","Template revisions do not silently alter existing projects","gap","","","BIMCLOUD; FORMA; ACONEX","no","State: gap (assessed 2026-09-10). There are no organisation templates, so no template revision can alter an existing project. This is blocked behind the same missing account and organisation model as the rest of category A."
"B-01","Backups, saving and project lifecycle","Create and name projects","Unique IDs survive duplicate display names","verified","src/studio/ProjectLibrary.tsx; src/studio/projectRegistry.ts","proof/growth/2026-09-11-project-library/README.md","FORMA; ACONEX","yes","State: verified (reviewed by Codex 2026-09-11, built browser on DANS1). The Project library creates and reopens two identically named projects with distinct IDs. Code: src/studio/ProjectLibrary.tsx, src/studio/projectRegistry.ts. Exact patch, 34 tests, dev/production journeys, fixture/build hashes and inspected desktop/tablet screenshots: proof/growth/2026-09-11-project-library/README.md. No installed/native platform claim."
"B-02","Backups, saving and project lifecycle","Automatic save feedback","Saved appears only after durable storage succeeds","partial","","proof/growth/2026-09-08-az3-protected-saves/README.md","FORMA; ACONEX","no","State: partial. Re-verified in development 2026-09-08 for the main project record: ""saved · revision N"" appears only after a readback-verified write; an injected quota failure shows ""not confirmed saved"" with a retry that succeeds once storage recovers. Code/proof: [SC-02 protected saves](proof/growth/2026-09-08-az3-protected-saves/README.md), [walkthrough](walkthrough.md). Remaining: per-module records, production/native build."
"B-03","Backups, saving and project lifecycle","Save As and duplicate","Copy gets new identity without sharing mutable records","gap","","","FORMA; ACONEX","no","State: gap (assessed 2026-09-10). There is no Save As or duplicate action. The registry can shelve and switch projects but does not fork one into a new identity with independent mutable records."
"B-04","Backups, saving and project lifecycle","Reopen recent projects","Latest saved revision and source sheets return after restart","partial","src/studio/ProjectLibrary.tsx","proof/growth/2026-09-11-project-library/README.md","FORMA; ACONEX","no","State: partial (updated 2026-09-11). Project library lists saved projects and reopens the exact project ID, revision 2 and original drawing after page reload, archive and restore. Code: src/studio/ProjectLibrary.tsx. Proof: proof/growth/2026-09-11-project-library/README.md. Remaining: full browser-process/installed-app restart with the same source fixture; a page reload is not that test."
"B-05","Backups, saving and project lifecycle","Offline local storage","Airplane-mode restart restores drawings and attached originals","partial","","","FORMA; ACONEX","no","State: partial (assessed 2026-09-10). Storage is local first: drawings, price books and attached originals persist in browser storage and IndexedDB with no network dependency, and a 9.3 MB backup was captured and read back in a live journey (SC-10). Remaining: an airplane-mode restart has not been executed as a declared scenario."
"B-06","Backups, saving and project lifecycle","Cross-device project storage","Authorized second device opens the same confirmed revision","gap","","","FORMA; ACONEX","no","State: gap (assessed 2026-09-10). There is no cross-device storage. Persistence is local to one browser profile or one desktop install, and no account service is selected."
"B-07","Backups, saving and project lifecycle","Archive and restore projects","Archived jobs leave the active list and restore intact","verified","src/studio/projectArchive.ts; src/studio/ProjectLibrary.tsx; src/studio/assistant/projectSwitch.ts","proof/growth/2026-09-11-project-library/README.md","FORMA; ACONEX","yes","State: verified (reviewed by Codex 2026-09-11, built browser on DANS1). Archive hides inactive projects and assistant tabs; restore retains the original project ID, revision, source records and SHA-256-verified drawing bytes. Only the registry marker changes; stored project data is preserved. Current, unreadable and stale targets are refused. Code: src/studio/projectArchive.ts, src/studio/ProjectLibrary.tsx, src/studio/assistant/projectSwitch.ts. Exact diff, executed failure-path tests and inspected desktop/tablet proof: proof/growth/2026-09-11-project-library/README.md. Portable backup restoration remains B-09; installed/native acceptance is separate."
"B-08","Backups, saving and project lifecycle","Recycle bin","Accidental removal is recoverable with links and history intact","gap","","","FORMA; ACONEX","no","State: gap (assessed 2026-09-10). There is no recycle bin. Source-page archive and recover is the nearest behaviour and is assessed under D-04 and D-05."
"B-09","Backups, saving and project lifecycle","Portable complete backup","Restore on a clean profile includes sources, models, rates and evidence","partial","src/studio/workspaceRestoreStorage.ts; src/studio/workspaceRestorePlan.ts; src/studio/WorkspaceStartup.tsx","proof/growth/2026-09-11-restore/README.md","FORMA; ACONEX","no","State: partial (reviewed 2026-09-11). V2 restoration now runs before editor hydration under an exclusive workspace lease, with an immutable incoming package, recovery copy, validated before/after journal, non-overwriting originals and active job switched last. A transferred package restores an exact project revision and original SVG SHA-256 in a fresh browser context. Code: src/studio/workspaceRestoreStorage.ts, src/studio/workspaceRestorePlan.ts, src/studio/WorkspaceStartup.tsx. Proof: proof/growth/2026-09-11-restore/README.md. Remaining: complete sources/models/rates/evidence fixture coverage, excluded assistant/runtime/model-preference context, installed/native and clean-machine acceptance."
"B-10","Backups, saving and project lifecycle","Backup integrity preview","Corrupt or missing assets block replacement before any write","verified","src/studio/backupRestorePreflight.ts; src/studio/workspaceRestoreStorage.ts; src/studio/BackupRestoreReview.tsx","proof/growth/2026-09-11-restore/README.md","FORMA; ACONEX","yes","State: verified (reviewed by Codex 2026-09-11, built browser on DANS1). Packages, original identities and destination fingerprints are revalidated before staging and again before protected application. Corrupt originals introduced after review refuse the real restore action, preserve the active record and retain conflicting source bytes. Missing/corrupt package assets and source collisions are also covered by executed tests. Code: src/studio/backupRestorePreflight.ts, src/studio/workspaceRestoreStorage.ts, src/studio/BackupRestoreReview.tsx. Exact patch, 45 tests, production browser receipts and inspected screenshots: proof/growth/2026-09-11-restore/README.md. Native acceptance and full-project coverage remain separate."
"B-11","Backups, saving and project lifecycle","Crash and interrupted-write recovery","Last confirmed snapshot survives forced termination","partial","src/studio/workspaceRestore.ts; src/studio/WorkspaceStartup.tsx","proof/growth/2026-09-11-restore/README.md","FORMA; ACONEX","no","State: partial (reviewed 2026-09-11). Backup restore now journals before-images and recovers prepared/writing phases before editor hydration; ambiguous save acknowledgements stop writes and replay the durable phase on reload. Injected module failures and simulated persisted interruption pass, including browser rollback and damaged-journal refusal. Code: src/studio/workspaceRestore.ts, src/studio/WorkspaceStartup.tsx. Proof: proof/growth/2026-09-11-restore/README.md. Remaining: actual forced process termination mid-write, mixed-version windows and native recovery drills are not proved."
"B-12","Backups, saving and project lifecycle","Concurrent edit protection","Stale writer cannot silently overwrite a newer revision","partial","","proof/growth/2026-09-08-az3-protected-saves/README.md","FORMA; ACONEX","no","State: partial. Main project record protected in development 2026-09-08: compare-and-swap against the last loaded/written bytes refuses a stale write and leaves the newer stored revision byte-identical; a cross-window storage event pauses saving with a ""newer revision exists"" notice offering reload and a download of the unsaved revision; reload adopts the newer revision. 49 focused tests, same-window, two-tab and reload-failure Fast CDP proof, three independent verifiers not refuted. Code/proof: [SC-02 protected saves](proof/growth/2026-09-08-az3-protected-saves/README.md). Remaining: per-module records (BOM, inventory, architecture, price books, sheet metadata), Web Lock lease, production/native build."
"B-13","Backups, saving and project lifecycle","Storage failure recovery","Full disk/quota error preserves previous data and supports retry","partial","","proof/growth/2026-09-08-az3-protected-saves/README.md","FORMA; ACONEX","no","State: partial. Main project record verified in development 2026-09-08: quota throw and silent-write failures keep the previously stored bytes byte-identical and the in-memory edit; an explicit retry persists it (store test plus tablet 1024x768 Fast CDP proof). Code/proof: [SC-02 protected saves](proof/growth/2026-09-08-az3-protected-saves/README.md). Remaining: IndexedDB originals/materials and per-module records, production/native build."
"B-14","Backups, saving and project lifecycle","Migration and retention","Older supported backups upgrade with a reversible audit record","partial","src/studio/persistence.ts","","FORMA; ACONEX","no","State: partial (assessed 2026-09-10). A supported legacy schema migrates forward and an unsupported one fails closed with the original bytes preserved, asserted by test (`src/studio/persistence.ts`). Remaining: migration is not reversible and produces no audit record, which is the substance of this row."
"C-01","CAD precision and drawing tools","Lines, polylines, arcs and circles","Exact coordinates survive save and CAD exchange","partial","src/studio/architect/model.ts","","ACAD","no","State: partial (assessed 2026-09-10). Lines, arcs and circles are authored entities and survive a hash-bound DXF round trip that restores stable IDs exactly (`src/studio/architect/model.ts`, `exchange.ts`; `architect.test.ts` ""DXF parametric round trip preserves stable IDs""). A general open polyline entity does not exist: an imported LWPOLYLINE is exploded into separate lines. Remaining: a polyline entity, and coordinate survival through DWG and IFC rather than DXF alone."
"C-02","CAD precision and drawing tools","Splines and curves","Control points and curve tolerance survive supported exchanges","gap","","","ACAD","no","State: gap (assessed 2026-09-10). No spline or NURBS entity exists in the model schema. Curved geometry is limited to circles and arcs. There is nothing to assess until a curve type is authored."
"C-03","CAD precision and drawing tools","Object snaps and tracking","Endpoint, midpoint, perpendicular and intersection picks are correct","partial","src/studio/architect/precision.ts","","ACAD","no","State: partial (assessed 2026-09-10). Seven snap kinds are computed geometrically and each is asserted independently, including line-circle and circle-circle intersections and a tangent at an irrational point (`src/studio/architect/precision.ts` snapPoint; `architect.test.ts` ""snap candidates resolve endpoint, midpoint, intersection, perpendicular, extension, centre and tangent""; 72 tests logged 2026-09-10). Remaining: no inspected screenshot of live cursor snapping at the declared viewports, so the row stays partial under the tick rule."
"C-04","CAD precision and drawing tools","Numeric and relative entry","Typed distance/angle yields the expected measured geometry","partial","src/studio/architect/precision.ts","","ACAD","no","State: partial (assessed 2026-09-10). Typed length with ortho and polar angle stepping resolves to the exact constrained distance (`src/studio/architect/precision.ts` constrainPoint, asserted at 4500 mm on a 30 degree polar step). Remaining: typed angle and absolute or relative coordinate entry are not implemented, and there is no visual proof."
"C-05","CAD precision and drawing tools","Coordinate systems and origins","Local and project origins transform without drift","gap","","","ACAD","no","State: gap (assessed 2026-09-10). A single global millimetre space with level elevations is implemented. There is no user coordinate system, origin relocation or rotated working plane, so the row cannot be assessed."
"C-06","CAD precision and drawing tools","Layers and visibility","Hidden, locked and isolated layers retain correct entity membership","gap","","","ACAD","no","State: gap (assessed 2026-09-10). No CAD drafting layer exists. The model field named layers is a wall assembly material layer, not a visibility or lock container, and DXF export synthesises layer names from levels. Recorded explicitly because the field name invites a false positive."
"C-07","CAD precision and drawing tools","Selection and properties","Window/crossing selection and batch edits affect intended objects only","gap","","","ACAD","no","State: gap (assessed 2026-09-10). Selection is a single entity id. Window and crossing selection, multi-select and batch property edits are not implemented."
"C-08","CAD precision and drawing tools","Move, rotate, scale and copy","Transform and undo preserve dimensions and IDs","gap","","","ACAD","no","State: gap (assessed 2026-09-10). Move, rotate, scale, copy and array are not implemented as transforms. Offset and mirror each derive one copy, which does not satisfy this row."
"C-09","CAD precision and drawing tools","Offset, trim, extend and fillet","Edge cases retain valid connected geometry","partial","src/studio/architect/precision.ts","","ACAD","no","State: partial (assessed 2026-09-10). Offset, mirror, trim, extend and a tangential fillet are real solvers with asserted results and explicit edge-case refusals: a radius too large for its segments, parallel segments that cannot meet, and an intersection already inside the segment are each rejected with a stated reason (`src/studio/architect/precision.ts`; `architect.test.ts` ""precision exact length, mirror, offset, trim, extend and tangential fillet""). Remaining: no inspected screenshot, and connected-geometry survival is proven per operation rather than across a drawing session."
"C-10","CAD precision and drawing tools","Blocks and reusable symbols","Definition update changes intended instances without broken attributes","gap","","","ACAD","no","State: gap (assessed 2026-09-10). No block, symbol or instance definition exists."
"C-11","CAD precision and drawing tools","Constraints and parameters","Driving dimension regenerates dependent geometry consistently","gap","","","ACAD","no","State: gap (assessed 2026-09-10). No geometric or dimensional constraint solver exists. Wall-hosted dimensions report geometry; they do not drive it."
"C-12","CAD precision and drawing tools","Dimensions, leaders and text","Annotation values update and plot legibly at scale","partial","src/studio/architect/drawing.ts","","ACAD","no","State: partial (assessed 2026-09-10). Wall-hosted dimensions are associative: moving a wall end from 4000 to 5000 mm regenerates the annotation text, and plan, elevation and section views regenerate with it (`src/studio/architect/drawing.ts`; `architect.test.ts` ""plan, elevations, sections and associative dimensions regenerate after editing""). Remaining: free-standing linear, aligned, angular and radial dimensions, leaders and user-placed text do not exist, and plotted legibility at scale is unproven."
"C-13","CAD precision and drawing tools","Hatches, lineweights and plot styles","Screen and exported output agree on declared styles","partial","src/studio/architect/drawing.ts","","ACAD","no","State: partial (assessed 2026-09-10). Hatching is genuine scanline geometry with ring containment and hole exclusion across five patterns, and per-primitive widths are emitted for plan, elevation and section output (`src/studio/architect/drawing.ts` hatchLines). Remaining: no user control of lineweight, colour or plot style, and no proof that screen and exported PDF agree on declared styles."
"C-14","CAD precision and drawing tools","Undo, redo and transaction history","One user operation undoes atomically without losing active context","partial","src/studio/architect/ArchitectWorkspace.tsx","","ACAD","no","State: partial (assessed 2026-09-10). Undo and redo form a two-stack history capped at 60 steps with redo invalidated on a new edit, bound to Ctrl+Z and Ctrl+Y, and one architect operation is one transaction (`src/studio/architect/ArchitectWorkspace.tsx`). The assistant undo path is separately proven in the SC-08 journeys. Remaining: history is cleared on project load, so undo does not survive a reopen, and no inspected screenshot covers the keyboard path."
"D-01","Documents, sheets and drawing registers","Multi-file and multi-page import","PDFs with different page sizes preserve every original page","partial","","","ACAD; BLUEBEAM; ACONEX","no","State: partial (assessed 2026-09-10). Multi-page PDF import stores each page with its own identity and dimensions, and a 13-page Redburn set was imported and retained through native runs (SC-10, SC-13). Remaining: a fixture with deliberately mixed page sizes has not been asserted page by page."
"D-02","Documents, sheets and drawing registers","Sheet names and numbers","Rename changes labels without breaking evidence references","partial","","proof/growth/2026-09-08-az3-sheets/README.md","ACAD; BLUEBEAM; ACONEX","no","State: partial — verified in development 2026-09-08 for source sheets: rename changes only the page label/discipline; calibrations, traces, items, annotations and saved views stay keyed by original page index and byte-identical; the new name shows in the register, heading and navigation after reload. Fixture Redburn BR250157 (SHA-256 b57956f76b5dc893ac2b28a021f3f92e345807e326d6b1f8313e373f9145ad38, 13 pages); 37 focused tests; three verifiers not refuted. Code/proof: [SC-03 sheets](proof/growth/2026-09-08-az3-sheets/README.md). Remaining: authored architectural sheets, production/native build."
"D-03","Documents, sheets and drawing registers","Add and duplicate drawing sheets","New sheet receives an independent identity and layout","partial","src/studio/architect/authoredSheetSet.ts","","ACAD; BLUEBEAM; ACONEX","no","State: partial (assessed 2026-09-10). Authored sheets can be added, duplicated, renamed, reordered, archived and recovered, each with an independent identity and layout, and duplication does not share viewport records (`src/studio/architect/authoredSheetSet.ts`, tests pass 2026-09-10). Remaining: no inspected screenshot of the authored sheet lifecycle at the declared viewports."
"D-04","Documents, sheets and drawing registers","Remove with impact preview","Review lists dependent takeoffs, links and viewports before removal","partial","","proof/growth/2026-09-08-az3-sheets/README.md","ACAD; BLUEBEAM; ACONEX","no","State: partial — verified in development 2026-09-08 for source-page archive (the product's removal): the review lists calibrations, measured traces, located items, annotations, linked photos and, newly, saved views for that page, and storage stays unchanged until confirmation. Code/proof: [SC-03 sheets](proof/growth/2026-09-08-az3-sheets/README.md). Remaining: whole-source removal, SHA-bound construction takeoff registers (not page-scoped, so not counted), production/native build."
"D-05","Documents, sheets and drawing registers","Restore removed sheets","Restored sheet recovers annotations, scale and original ordering","partial","","proof/growth/2026-09-08-az3-sheets/README.md","ACAD; BLUEBEAM; ACONEX","no","State: partial — verified in development 2026-09-08 as archive → recover: the page returns to its original managed slot with identical metadata, its locked scale and a real sketch annotation byte-identical after recover and reload (unit test with job evidence after archive and recover; browser assertions on 13 calibrations and the annotation at every step). Code/proof: [SC-03 sheets](proof/growth/2026-09-08-az3-sheets/README.md). Remaining: authored sheets, production/native build."
"D-06","Documents, sheets and drawing registers","Reorder and group sheets","Discipline groups and order persist after restart and export","partial","","","ACAD; BLUEBEAM; ACONEX","no","State: partial (assessed 2026-09-10). Verified in the 2026-09-07 acceptance addendum in this file for source-sheet discipline groups, persistent managed order and an actual ordered-register download, retaining every original page identity through reload in browser and Windows-native runs. Remaining: the export is a JSON register, and authored multi-sheet publishing and reordering the source PDF itself are outside that acceptance."
"D-07","Documents, sheets and drawing registers","Title blocks and templates","Project metadata updates linked fields without clipping","gap","","","ACAD; BLUEBEAM; ACONEX","no","State: gap (assessed 2026-09-10). There is no title block or template system, so project metadata cannot update linked fields."
"D-08","Documents, sheets and drawing registers","Viewports and per-view scale","Independent scales measure correctly in exported PDF","partial","src/studio/architect/authoredSheetSet.ts","","ACAD; BLUEBEAM; ACONEX","no","State: partial (assessed 2026-09-10). A sheet carries up to twelve viewports with independent view, level, scale and position, and resizing the paper refits frames without altering viewport scales (`src/studio/architect/authoredSheetSet.ts`). Export is real vector PDF (`sheets.ts`). Remaining: measuring an exported PDF at each declared viewport scale has not been executed."
"D-09","Documents, sheets and drawing registers","Drawing revisions and supersession","Old revision remains retrievable and visibly superseded","gap","","","ACAD; BLUEBEAM; ACONEX","no","State: gap (assessed 2026-09-10). Drawing revisions and supersession do not exist. The project carries a revision counter, but old drawing revisions are not retrievable or visibly superseded."
"D-10","Documents, sheets and drawing registers","Revision overlay and slip-sheeting","Added/deleted geometry is inspectable with alignment controls","gap","","","ACAD; BLUEBEAM; ACONEX","no","State: gap (assessed 2026-09-10). There is no revision overlay or slip-sheeting, so added and deleted geometry cannot be inspected between issues."
"D-11","Documents, sheets and drawing registers","OCR and sheet indexing","Suggested names are reviewable and uncertainty is visible","gap","","","ACAD; BLUEBEAM; ACONEX","no","State: gap (assessed 2026-09-10). There is no OCR or automatic sheet indexing, and therefore no suggested names or visible uncertainty."
"D-12","Documents, sheets and drawing registers","Cross-sheet references and hyperlinks","Detail callout opens the intended sheet revision","gap","","","ACAD; BLUEBEAM; ACONEX","no","State: gap (assessed 2026-09-10). Cross-sheet references and detail callouts are not implemented."
"D-13","Documents, sheets and drawing registers","Batch printing and issue sets","Selected sheets export in reviewed order with an issue register","gap","","","ACAD; BLUEBEAM; ACONEX","no","State: gap (assessed 2026-09-10). There is no batch printing or issue set. Single-sheet PDF export exists and is assessed under D-08."
"D-14","Documents, sheets and drawing registers","Bookmarks and saved views","Personal navigation restores the correct page and viewport","partial","","","ACAD; BLUEBEAM; ACONEX","no","State: partial (assessed 2026-09-10). Verified in the 2026-09-07 acceptance addendum in this file for local original-page, zoom and source-relative-centre bookmarks, with pan, zoom, page switching, viewport restoration, resize, reload, removal and failed-write preservation passing, and a tablet sub-check at both declared orientations. Remaining: saved views are local project metadata, with no account synchronisation or sharing."
"E-01","Estimation, pricing and commercial work","Pricing workbook import","XLSX/CSV sheets preview without executing spreadsheet formulas","partial","src/studio/priceWorkbook.ts","","COSTX; LCC","no","State: partial (assessed 2026-09-10). Verified in the 2026-09-07 acceptance addendum in this file for bounded XLSX and CSV preview with no spreadsheet formula execution: a mapped formula is refused despite a cached value, malformed input is preserved, and reload passes in the declared browser and Windows scenarios (`src/studio/priceWorkbook.ts`). Remaining: a 2 MiB source and 20 MiB expanded archive limit, no XLS, XLSM or encrypted files, and the rates used were QA fixtures rather than supplier quotations."
"E-02","Estimation, pricing and commercial work","Column and worksheet mapping","SKU, description, unit and rate map with row-level errors","partial","src/studio/priceBooks.ts","","COSTX; LCC","no","State: partial (assessed 2026-09-10). Verified in the 2026-09-07 acceptance addendum in this file for worksheet and heading selection and SKU, description, unit and rate mapping with row and cell errors, where explicit review precedes saving and the source hash, selected worksheet and physical rows survive reload (`src/studio/priceBooks.ts`). Remaining: no inferred currency or unit conversion, and the original workbook bytes are not embedded in backups."
"E-03","Estimation, pricing and commercial work","Named price books and revisions","Supplier revisions coexist and old estimates remain reproducible","partial","src/studio/priceBooks.ts","","COSTX; LCC","no","State: partial (assessed 2026-09-10). Price books are append-only and revisioned so supplier revisions coexist and an earlier revision remains readable, with archive supported and a live CSV import creating a named book at library revision 1 (`src/studio/priceBooks.ts`; SC-12 journey). Remaining: reproducing an old estimate against its original revision has not been executed."
"E-04","Estimation, pricing and commercial work","Currency, tax and effective dates","Mixed currencies never total without a reviewed conversion","partial","src/studio/priceBooks.ts","","COSTX; LCC","no","State: partial (assessed 2026-09-10). Currency is ISO-4217 validated and totals are grouped by currency, tax basis and decimal places and summed in integer minor units, so mixed currencies never silently total, and an effective date and tax basis are carried per book (`src/studio/priceBooks.ts`). Remaining: there is no reviewed conversion path, so mixed currencies are separated rather than converted."
"E-05","Estimation, pricing and commercial work","Unit and pack normalization","Each/metre/square-metre/pack conversion shows its dimensional basis","gap","","","COSTX; LCC","no","State: gap (assessed 2026-09-10). Unit is free text carried through from the source workbook. There is no unit or pack normalisation and no dimensional basis display, so the row cannot be assessed."
"E-06","Estimation, pricing and commercial work","Apply and remove a price book","Impact preview preserves manual overrides and supports undo","gap","src/studio/crmBridge.ts","","COSTX; LCC","no","State: gap (assessed 2026-09-10). A price book cannot be applied to measured quantities or removed from them. Worksheet lines can be priced individually, and the quantity bridge returns an explicit unavailable status (`src/studio/crmBridge.ts`)."
"E-07","Estimation, pricing and commercial work","Supplier quote comparison","Equal specifications compare landed cost and exclusions","gap","","","COSTX; LCC","no","State: gap (assessed 2026-09-10). Supplier quote comparison with landed cost and exclusions is not implemented."
"E-08","Estimation, pricing and commercial work","Material, labour and plant build-ups","Assembly rate reconciles to separately editable components","gap","","","COSTX; LCC","no","State: gap (assessed 2026-09-10). There is no material, labour and plant build-up. Wall layers carry a single rate with density and waste, which is assessed under T-07 and T-11."
"E-09","Estimation, pricing and commercial work","Waste, yield and productivity","Assumptions remain separate from measured net quantities","partial","src/studio/architect/geometry.ts","","COSTX; LCC","no","State: partial (assessed 2026-09-10). Waste is a declared percentage held separately from net measured geometry, so an order quantity never overwrites the measured demand (`src/studio/architect/geometry.ts`). Remaining: yield and productivity assumptions do not exist."
"E-10","Estimation, pricing and commercial work","Discount, margin and contingency","Formula order is explicit and totals independently reconcile","gap","","","COSTX; LCC","no","State: gap (assessed 2026-09-10). Discount, margin and contingency are not implemented, so there is no formula order to make explicit."
"E-11","Estimation, pricing and commercial work","Tender alternates and scenarios","Base and options compare without altering the accepted baseline","gap","","","COSTX; LCC","no","State: gap (assessed 2026-09-10). Tender alternates and scenario comparison are not implemented."
"E-12","Estimation, pricing and commercial work","Escalation and exchange rates","Source and effective date bind each applied factor","gap","","","COSTX; LCC","no","State: gap (assessed 2026-09-10). Escalation and exchange-rate factors are not implemented. An effective date is recorded per price book but binds no applied factor."
"E-13","Estimation, pricing and commercial work","Quote approval and issue","Issued estimate freezes rates, quantities, exclusions and revision","gap","","","COSTX; LCC","no","State: gap (assessed 2026-09-10). There is no quote approval or issue, so nothing freezes rates, quantities and exclusions. Takeoff evidence approval for a named reviewer is a separate behaviour assessed under Q-10 and V rows."
"E-14","Estimation, pricing and commercial work","Cost-to-complete and variations","Approved changes reconcile original budget to current forecast","gap","","","COSTX; LCC","no","State: gap (assessed 2026-09-10). Cost-to-complete and variation reconciliation are not implemented."
"F-01","Field work, construction and site delivery","Offline field packages","Required drawings and checklists open without connectivity","gap","","","PROCORE; BLUEBEAM","no","State: gap (assessed 2026-09-10). There is no offline field package. The application itself is local-first, which is assessed under B-05, but no drawings-and-checklists package is produced for site use."
"F-02","Field work, construction and site delivery","RFIs","Question links to exact drawing revision and tracks response/closure","gap","","","PROCORE; BLUEBEAM","no","State: gap (assessed 2026-09-10). There is no request-for-information record linked to a drawing revision."
"F-03","Field work, construction and site delivery","Submittals and shop drawing review","Review route, due date and resubmission history persist","gap","","","PROCORE; BLUEBEAM","no","State: gap (assessed 2026-09-10). Submittal and shop drawing review is not implemented."
"F-04","Field work, construction and site delivery","Daily site reports","Labour, plant, weather and work records retain author and attachments","gap","","","PROCORE; BLUEBEAM","no","State: gap (assessed 2026-09-10). Daily site reports are not implemented. There is no record of labour, plant or weather, and no authored attachment carrying an author, so nothing exists to retain."
"F-05","Field work, construction and site delivery","Tasks and punch lists","Assigned location-based defect closes only with recorded evidence","gap","","","PROCORE; BLUEBEAM","no","State: gap (assessed 2026-09-10). Tasks and punch lists are not implemented."
"F-06","Field work, construction and site delivery","Inspection and test plans","Hold points prevent progression until authorized release","gap","","","PROCORE; BLUEBEAM","no","State: gap (assessed 2026-09-10). Inspection and test plans with hold points are not implemented."
"F-07","Field work, construction and site delivery","Photos, videos and geolocation","Original media and capture context survive synchronization","partial","src/studio/bomContract.ts","","PROCORE; BLUEBEAM","no","State: partial (assessed 2026-09-10). Photographs exist as hash-bound evidence that can be linked to measured runs and gates, with unique link checking and digest cross-validation (`src/studio/bomContract.ts`, `PhotoEvidencePanel.tsx`). Remaining: there is no field capture path, and no geolocation, capture timestamp or original media synchronisation."
"F-08","Field work, construction and site delivery","Field markups and as-built capture","Redline links to source and proposed changed object","gap","","","PROCORE; BLUEBEAM","no","State: gap (assessed 2026-09-10). Field markup and as-built capture linking a redline to a proposed changed object is not implemented."
"F-09","Field work, construction and site delivery","Delivery docket and receiving","Received quantities reconcile order and damaged/rejected goods","gap","","","PROCORE; BLUEBEAM","no","State: gap (assessed 2026-09-10). Delivery dockets and receiving are not implemented."
"F-10","Field work, construction and site delivery","Crew timesheets and productivity","Approved hours reconcile work package quantities","gap","","","PROCORE; BLUEBEAM","no","State: gap (assessed 2026-09-10). Crew timesheets are not implemented. There are no recorded hours and no work-package model to reconcile them against, so this row depends on both T-06 classification and a field module."
"F-11","Field work, construction and site delivery","Permits and safety observations","Expired permits and unresolved hazards remain visible","gap","","","PROCORE; BLUEBEAM","no","State: gap (assessed 2026-09-10). Permits and safety observations are not implemented."
"F-12","Field work, construction and site delivery","Temporary works and lift planning","Reviewed configuration links to checked calculation package","gap","","","PROCORE; BLUEBEAM","no","State: gap (assessed 2026-09-10). Temporary works and lift planning are not implemented."
"F-13","Field work, construction and site delivery","Progress quantities and claims","Claimed installed work reconciles verified measured evidence","gap","","","PROCORE; BLUEBEAM","no","State: gap (assessed 2026-09-10). Progress claims reconciling installed work to verified measurement are not implemented."
"F-14","Field work, construction and site delivery","Offline synchronization conflicts","Conflicting field edits require review without losing either copy","gap","","","PROCORE; BLUEBEAM","no","State: gap (assessed 2026-09-10). There is no offline synchronisation, so there are no field conflicts to review. Single-profile stale-write refusal is assessed under B-12."
"G-01","Geospatial, surveying and reality capture","CRS, datum and geoid management","Known survey control transforms within stated tolerance","gap","","","GIS; TBC; TRIMBLE","no","State: gap (assessed 2026-09-10). No geospatial or reality-capture engine exists. There is no coordinate reference system, point cloud, photogrammetry or survey import; the word survey appears only as a takeoff source label. Recorded as a gap on 2026-09-10 after a code search confirmed the discipline words in the source are labels and categories, not a validated engine. Any future assessment of this category requires a separately validated solver or a licensed adapter, plus qualified review, per this register’s delivery sequence."
"G-02","Geospatial, surveying and reality capture","Survey points and coding","Point IDs, descriptions and units survive field-data import","gap","","","GIS; TBC; TRIMBLE","no","State: gap (assessed 2026-09-10). No geospatial or reality-capture engine exists. There is no coordinate reference system, point cloud, photogrammetry or survey import; the word survey appears only as a takeoff source label. Recorded as a gap on 2026-09-10 after a code search confirmed the discipline words in the source are labels and categories, not a validated engine. Any future assessment of this category requires a separately validated solver or a licensed adapter, plus qualified review, per this register’s delivery sequence."
"G-03","Geospatial, surveying and reality capture","Traverses and network adjustment","Closure and residuals match an independent benchmark","gap","","","GIS; TBC; TRIMBLE","no","State: gap (assessed 2026-09-10). No geospatial or reality-capture engine exists. There is no coordinate reference system, point cloud, photogrammetry or survey import; the word survey appears only as a takeoff source label. Recorded as a gap on 2026-09-10 after a code search confirmed the discipline words in the source are labels and categories, not a validated engine. Any future assessment of this category requires a separately validated solver or a licensed adapter, plus qualified review, per this register’s delivery sequence."
"G-04","Geospatial, surveying and reality capture","GNSS and total-station exchange","Supported observation metadata and quality flags persist","gap","","","GIS; TBC; TRIMBLE","no","State: gap (assessed 2026-09-10). No geospatial or reality-capture engine exists. There is no coordinate reference system, point cloud, photogrammetry or survey import; the word survey appears only as a takeoff source label. Recorded as a gap on 2026-09-10 after a code search confirmed the discipline words in the source are labels and categories, not a validated engine. Any future assessment of this category requires a separately validated solver or a licensed adapter, plus qualified review, per this register’s delivery sequence."
"G-05","Geospatial, surveying and reality capture","COGO and boundaries","Bearings, distances and closure reproduce the survey input","gap","","","GIS; TBC; TRIMBLE","no","State: gap (assessed 2026-09-10). No geospatial or reality-capture engine exists. There is no coordinate reference system, point cloud, photogrammetry or survey import; the word survey appears only as a takeoff source label. Recorded as a gap on 2026-09-10 after a code search confirmed the discipline words in the source are labels and categories, not a validated engine. Any future assessment of this category requires a separately validated solver or a licensed adapter, plus qualified review, per this register’s delivery sequence."
"G-06","Geospatial, surveying and reality capture","Terrain surfaces and breaklines","Triangulation respects boundaries, breaklines and holes","gap","","","GIS; TBC; TRIMBLE","no","State: gap (assessed 2026-09-10). No geospatial or reality-capture engine exists. There is no coordinate reference system, point cloud, photogrammetry or survey import; the word survey appears only as a takeoff source label. Recorded as a gap on 2026-09-10 after a code search confirmed the discipline words in the source are labels and categories, not a validated engine. Any future assessment of this category requires a separately validated solver or a licensed adapter, plus qualified review, per this register’s delivery sequence."
"G-07","Geospatial, surveying and reality capture","Contours and spot elevations","Labels and contours match the underlying surface","gap","","","GIS; TBC; TRIMBLE","no","State: gap (assessed 2026-09-10). No geospatial or reality-capture engine exists. There is no coordinate reference system, point cloud, photogrammetry or survey import; the word survey appears only as a takeoff source label. Recorded as a gap on 2026-09-10 after a code search confirmed the discipline words in the source are labels and categories, not a validated engine. Any future assessment of this category requires a separately validated solver or a licensed adapter, plus qualified review, per this register’s delivery sequence."
"G-08","Geospatial, surveying and reality capture","Point-cloud import and indexing","Large dataset streams with declared coordinate accuracy","gap","","","GIS; TBC; TRIMBLE","no","State: gap (assessed 2026-09-10). No geospatial or reality-capture engine exists. There is no coordinate reference system, point cloud, photogrammetry or survey import; the word survey appears only as a takeoff source label. Recorded as a gap on 2026-09-10 after a code search confirmed the discipline words in the source are labels and categories, not a validated engine. Any future assessment of this category requires a separately validated solver or a licensed adapter, plus qualified review, per this register’s delivery sequence."
"G-09","Geospatial, surveying and reality capture","Registration and control fitting","Residuals and excluded control points are reported","gap","","","GIS; TBC; TRIMBLE","no","State: gap (assessed 2026-09-10). No geospatial or reality-capture engine exists. There is no coordinate reference system, point cloud, photogrammetry or survey import; the word survey appears only as a takeoff source label. Recorded as a gap on 2026-09-10 after a code search confirmed the discipline words in the source are labels and categories, not a validated engine. Any future assessment of this category requires a separately validated solver or a licensed adapter, plus qualified review, per this register’s delivery sequence."
"G-10","Geospatial, surveying and reality capture","Scan-to-model review","Derived object retains source region and uncertainty","gap","","","GIS; TBC; TRIMBLE","no","State: gap (assessed 2026-09-10). No geospatial or reality-capture engine exists. There is no coordinate reference system, point cloud, photogrammetry or survey import; the word survey appears only as a takeoff source label. Recorded as a gap on 2026-09-10 after a code search confirmed the discipline words in the source are labels and categories, not a validated engine. Any future assessment of this category requires a separately validated solver or a licensed adapter, plus qualified review, per this register’s delivery sequence."
"G-11","Geospatial, surveying and reality capture","Drone imagery and orthophotos","Ground control and image resolution remain traceable","gap","","","GIS; TBC; TRIMBLE","no","State: gap (assessed 2026-09-10). No geospatial or reality-capture engine exists. There is no coordinate reference system, point cloud, photogrammetry or survey import; the word survey appears only as a takeoff source label. Recorded as a gap on 2026-09-10 after a code search confirmed the discipline words in the source are labels and categories, not a validated engine. Any future assessment of this category requires a separately validated solver or a licensed adapter, plus qualified review, per this register’s delivery sequence."
"G-12","Geospatial, surveying and reality capture","GIS layers and spatial queries","Attribute filters and spatial selections return known fixtures","gap","","","GIS; TBC; TRIMBLE","no","State: gap (assessed 2026-09-10). No geospatial or reality-capture engine exists. There is no coordinate reference system, point cloud, photogrammetry or survey import; the word survey appears only as a takeoff source label. Recorded as a gap on 2026-09-10 after a code search confirmed the discipline words in the source are labels and categories, not a validated engine. Any future assessment of this category requires a separately validated solver or a licensed adapter, plus qualified review, per this register’s delivery sequence."
"G-13","Geospatial, surveying and reality capture","Stakeout and machine-control export","Independent device/parser verifies coordinates and units","gap","","","GIS; TBC; TRIMBLE","no","State: gap (assessed 2026-09-10). No geospatial or reality-capture engine exists. There is no coordinate reference system, point cloud, photogrammetry or survey import; the word survey appears only as a takeoff source label. Recorded as a gap on 2026-09-10 after a code search confirmed the discipline words in the source are labels and categories, not a validated engine. Any future assessment of this category requires a separately validated solver or a licensed adapter, plus qualified review, per this register’s delivery sequence."
"G-14","Geospatial, surveying and reality capture","Change and deformation surveys","Time-stamped comparisons separate movement from registration error","gap","","","GIS; TBC; TRIMBLE","no","State: gap (assessed 2026-09-10). No geospatial or reality-capture engine exists. There is no coordinate reference system, point cloud, photogrammetry or survey import; the word survey appears only as a takeoff source label. Recorded as a gap on 2026-09-10 after a code search confirmed the discipline words in the source are labels and categories, not a validated engine. Any future assessment of this category requires a separately validated solver or a licensed adapter, plus qualified review, per this register’s delivery sequence."
"H-01","HVAC, hydraulics, plumbing and fire services","Connected system topology","Equipment, terminals and branches form a validated network","gap","","","REVIT; WATER","no","State: gap (assessed 2026-09-10). No mechanical, hydraulic, plumbing or fire-services engine exists. Duct, pipe and service words appear only as trade labels on takeoff categories and construction stages, never as sized or solved systems. Recorded as a gap on 2026-09-10 after a code search confirmed the discipline words in the source are labels and categories, not a validated engine. Any future assessment of this category requires a separately validated solver or a licensed adapter, plus qualified review, per this register’s delivery sequence."
"H-02","HVAC, hydraulics, plumbing and fire services","Duct routing and fittings","Size, elevation, clearance and fitting rules persist","gap","","","REVIT; WATER","no","State: gap (assessed 2026-09-10). No mechanical, hydraulic, plumbing or fire-services engine exists. Duct, pipe and service words appear only as trade labels on takeoff categories and construction stages, never as sized or solved systems. Recorded as a gap on 2026-09-10 after a code search confirmed the discipline words in the source are labels and categories, not a validated engine. Any future assessment of this category requires a separately validated solver or a licensed adapter, plus qualified review, per this register’s delivery sequence."
"H-03","HVAC, hydraulics, plumbing and fire services","Airflow and pressure calculations","Known network matches checked design calculation","gap","","","REVIT; WATER","no","State: gap (assessed 2026-09-10). No mechanical, hydraulic, plumbing or fire-services engine exists. Duct, pipe and service words appear only as trade labels on takeoff categories and construction stages, never as sized or solved systems. Recorded as a gap on 2026-09-10 after a code search confirmed the discipline words in the source are labels and categories, not a validated engine. Any future assessment of this category requires a separately validated solver or a licensed adapter, plus qualified review, per this register’s delivery sequence."
"H-04","HVAC, hydraulics, plumbing and fire services","Heating and cooling loads","Zone assumptions and weather input reproduce benchmark results","gap","","","REVIT; WATER","no","State: gap (assessed 2026-09-10). No mechanical, hydraulic, plumbing or fire-services engine exists. Duct, pipe and service words appear only as trade labels on takeoff categories and construction stages, never as sized or solved systems. Recorded as a gap on 2026-09-10 after a code search confirmed the discipline words in the source are labels and categories, not a validated engine. Any future assessment of this category requires a separately validated solver or a licensed adapter, plus qualified review, per this register’s delivery sequence."
"H-05","HVAC, hydraulics, plumbing and fire services","Equipment selection schedules","Selected duty reconciles specified performance and source data","gap","","","REVIT; WATER","no","State: gap (assessed 2026-09-10). No mechanical, hydraulic, plumbing or fire-services engine exists. Duct, pipe and service words appear only as trade labels on takeoff categories and construction stages, never as sized or solved systems. Recorded as a gap on 2026-09-10 after a code search confirmed the discipline words in the source are labels and categories, not a validated engine. Any future assessment of this category requires a separately validated solver or a licensed adapter, plus qualified review, per this register’s delivery sequence."
"H-06","HVAC, hydraulics, plumbing and fire services","Water supply and sanitary routing","Pipe size, fall and connection direction are inspectable","gap","","","REVIT; WATER","no","State: gap (assessed 2026-09-10). No mechanical, hydraulic, plumbing or fire-services engine exists. Duct, pipe and service words appear only as trade labels on takeoff categories and construction stages, never as sized or solved systems. Recorded as a gap on 2026-09-10 after a code search confirmed the discipline words in the source are labels and categories, not a validated engine. Any future assessment of this category requires a separately validated solver or a licensed adapter, plus qualified review, per this register’s delivery sequence."
"H-07","HVAC, hydraulics, plumbing and fire services","Hydraulic networks and pumps","Flow, head and operating point match reference cases","gap","","","REVIT; WATER","no","State: gap (assessed 2026-09-10). No mechanical, hydraulic, plumbing or fire-services engine exists. Duct, pipe and service words appear only as trade labels on takeoff categories and construction stages, never as sized or solved systems. Recorded as a gap on 2026-09-10 after a code search confirmed the discipline words in the source are labels and categories, not a validated engine. Any future assessment of this category requires a separately validated solver or a licensed adapter, plus qualified review, per this register’s delivery sequence."
"H-08","HVAC, hydraulics, plumbing and fire services","Stormwater and roof drainage","Catchment, design event and outlet capacity remain linked","gap","","","REVIT; WATER","no","State: gap (assessed 2026-09-10). No mechanical, hydraulic, plumbing or fire-services engine exists. Duct, pipe and service words appear only as trade labels on takeoff categories and construction stages, never as sized or solved systems. Recorded as a gap on 2026-09-10 after a code search confirmed the discipline words in the source are labels and categories, not a validated engine. Any future assessment of this category requires a separately validated solver or a licensed adapter, plus qualified review, per this register’s delivery sequence."
"H-09","HVAC, hydraulics, plumbing and fire services","Sprinkler and hydrant systems","Reviewed coverage and demand calculations retain edition/jurisdiction","gap","","","REVIT; WATER","no","State: gap (assessed 2026-09-10). No mechanical, hydraulic, plumbing or fire-services engine exists. Duct, pipe and service words appear only as trade labels on takeoff categories and construction stages, never as sized or solved systems. Recorded as a gap on 2026-09-10 after a code search confirmed the discipline words in the source are labels and categories, not a validated engine. Any future assessment of this category requires a separately validated solver or a licensed adapter, plus qualified review, per this register’s delivery sequence."
"H-10","HVAC, hydraulics, plumbing and fire services","Gas and process services","Service compatibility and design conditions are explicit","gap","","","REVIT; WATER","no","State: gap (assessed 2026-09-10). No mechanical, hydraulic, plumbing or fire-services engine exists. Duct, pipe and service words appear only as trade labels on takeoff categories and construction stages, never as sized or solved systems. Recorded as a gap on 2026-09-10 after a code search confirmed the discipline words in the source are labels and categories, not a validated engine. Any future assessment of this category requires a separately validated solver or a licensed adapter, plus qualified review, per this register’s delivery sequence."
"H-11","HVAC, hydraulics, plumbing and fire services","Insulation and supports","Quantities distinguish bare pipe, insulation and support spacing","gap","","","REVIT; WATER","no","State: gap (assessed 2026-09-10). No mechanical, hydraulic, plumbing or fire-services engine exists. Duct, pipe and service words appear only as trade labels on takeoff categories and construction stages, never as sized or solved systems. Recorded as a gap on 2026-09-10 after a code search confirmed the discipline words in the source are labels and categories, not a validated engine. Any future assessment of this category requires a separately validated solver or a licensed adapter, plus qualified review, per this register’s delivery sequence."
"H-12","HVAC, hydraulics, plumbing and fire services","Plantroom access and coordination","Maintenance clearances are checked against actual geometry","gap","","","REVIT; WATER","no","State: gap (assessed 2026-09-10). No mechanical, hydraulic, plumbing or fire-services engine exists. Duct, pipe and service words appear only as trade labels on takeoff categories and construction stages, never as sized or solved systems. Recorded as a gap on 2026-09-10 after a code search confirmed the discipline words in the source are labels and categories, not a validated engine. Any future assessment of this category requires a separately validated solver or a licensed adapter, plus qualified review, per this register’s delivery sequence."
"H-13","HVAC, hydraulics, plumbing and fire services","Risers, schematics and schedules","Changes propagate consistently between representations","gap","","","REVIT; WATER","no","State: gap (assessed 2026-09-10). No mechanical, hydraulic, plumbing or fire-services engine exists. Duct, pipe and service words appear only as trade labels on takeoff categories and construction stages, never as sized or solved systems. Recorded as a gap on 2026-09-10 after a code search confirmed the discipline words in the source are labels and categories, not a validated engine. Any future assessment of this category requires a separately validated solver or a licensed adapter, plus qualified review, per this register’s delivery sequence."
"H-14","HVAC, hydraulics, plumbing and fire services","Commissioning and balancing records","As-tested performance links to installed equipment revision","gap","","","REVIT; WATER","no","State: gap (assessed 2026-09-10). No mechanical, hydraulic, plumbing or fire-services engine exists. Duct, pipe and service words appear only as trade labels on takeoff categories and construction stages, never as sized or solved systems. Recorded as a gap on 2026-09-10 after a code search confirmed the discipline words in the source are labels and categories, not a validated engine. Any future assessment of this category requires a separately validated solver or a licensed adapter, plus qualified review, per this register’s delivery sequence."
"I-01","Interoperability, imports and integrations","DXF import/export","Independent reader verifies supported geometry, layers and units","partial","src/studio/architect/exchange.ts","","ACAD; DWG; BCF; IDS","no","State: partial (assessed 2026-09-10). DXF export and import round-trip a parametric project byte-for-byte when the embedded hash matches, fall back to a warned geometry parse when the file has been edited, reject a file that does not declare units, and warn explicitly that imported vectors are references rather than inferred walls (`src/studio/architect/exchange.ts`; `architect.test.ts`). Remaining: verification is by the application’s own reader, not an independent one, and layer support is limited by the absence of CAD layers (C-06)."
"I-02","Interoperability, imports and integrations","Native Windows DWG exchange","Binary file opens independently; unsupported objects are disclosed","partial","src/cad.rs","","ACAD; DWG; BCF; IDS","no","State: partial (assessed 2026-09-10). DWG import and export run through a bundled ACadSharp engine with magic-byte validation, a 16 MB cap, cancellation and round-trip verification, and an independent readback verified a 431-entity two-level fixture (`src-tauri/src/cad.rs`). Remaining: Windows desktop only, other platforms return an explicit unavailable result, and the installed-app path is unverified."
"I-03","Interoperability, imports and integrations","IFC geometry and property exchange","Declared schema validates with correct object identity","partial","src/studio/architect/exchange.ts","","ACAD; DWG; BCF; IDS","no","State: partial (assessed 2026-09-10). DXF export writes a real ASCII drawing with header units, layer and linetype tables and LINE, LWPOLYLINE, CIRCLE, ARC and TEXT entities, and embeds the parametric project as SHA-256-bound chunks so an unmodified file round-trips to an identical project. A tampered file refuses to restore the stale embedded design and falls back to geometry, and a file that does not declare units is rejected (`src/studio/architect/exchange.ts`; `architect.test.ts`). Remaining: no third-party CAD application has opened the exported file as proof."
"I-04","Interoperability, imports and integrations","BCF issue exchange","Viewpoint, object references and discussion survive a second application","partial","src/studio/architect/ifc.ts","","ACAD; DWG; BCF; IDS","no","State: partial (assessed 2026-09-10). IFC4 export writes a spatial project, site and building hierarchy with deterministic identifiers and semantic void and fill relationships, asserted at three of each plus a material layer set usage (`src/studio/architect/ifc.ts`; `architect.test.ts`). Remaining: IFC import does not exist, and no external IFC viewer or checker has validated the file."
"I-05","Interoperability, imports and integrations","LandXML and civil exchange","Alignments, surfaces and units pass independent readback","gap","","","ACAD; DWG; BCF; IDS","no","State: gap (assessed 2026-09-10). LandXML and civil exchange are not implemented."
"I-06","Interoperability, imports and integrations","STEP, IGES and manufacturing exchange","Declared solids and tolerances survive a second kernel","gap","","","ACAD; DWG; BCF; IDS","no","State: gap (assessed 2026-09-10). STEP, IGES and manufacturing exchange are not implemented."
"I-07","Interoperability, imports and integrations","Point-cloud and GIS formats","LAS/E57/GeoJSON support is explicit and independently checked","gap","","","ACAD; DWG; BCF; IDS","no","State: gap (assessed 2026-09-10). Point-cloud and geographic formats such as LAS, E57 and GeoJSON are not supported."
"I-08","Interoperability, imports and integrations","PDF, image and vector export","Clipping, scale, fonts and transparency render correctly","partial","src/studio/architect/sheets.ts","","ACAD; DWG; BCF; IDS","no","State: partial (assessed 2026-09-10). Sheet export produces real vector PDF through a document library rather than a raster capture, and source PDFs render for takeoff with per-page identity (`src/studio/architect/sheets.ts`, `documents.ts`). A five-page PDF was downloaded and inspected in an earlier slice. Remaining: clipping, font embedding and transparency have not been asserted against a reference renderer."
"I-09","Interoperability, imports and integrations","Spreadsheet and tabular export","Column types, escaping and formulas are handled predictably","partial","src/studio/priceBooks.ts","","ACAD; DWG; BCF; IDS","no","State: partial (assessed 2026-09-10). CSV export escapes cells that begin with a formula character so a spreadsheet cannot execute them, and import refuses mapped formulas even when a cached value is present (`src/studio/priceBooks.ts`, `priceWorkbook.ts`; asserted by test). Remaining: column typing on export is not declared, and XLSX is read-only."
"I-10","Interoperability, imports and integrations","Referenced file management","Missing external dependencies are reported before issue","partial","src/studio/backupRestorePreflight.ts; src/cad.rs","","ACAD; DWG; BCF; IDS","no","State: partial (assessed 2026-09-10). Missing dependencies are reported rather than silently ignored: backup restore preflight validates originals and reports missing or corrupt assets before any destination read, and the native CAD bridge reports an absent engine as unavailable (`src/studio/backupRestorePreflight.ts`, `src-tauri/src/cad.rs`). Remaining: there is no general external-reference manager for linked drawings."
"I-11","Interoperability, imports and integrations","Connector authentication","Provider permissions and token revocation are tested","dependency-blocked","","","ACAD; DWG; BCF; IDS","no","State: dependency-blocked (assessed 2026-09-10). There are no third-party connectors with user-granted permissions. Provider credentials are server-side environment values with an operator enable flag, not per-user tokens, so permission and revocation testing has no subject."
"I-12","Interoperability, imports and integrations","Versioned API and webhooks","Retries use idempotency and durable acknowledgement","gap","","","ACAD; DWG; BCF; IDS","no","State: gap (assessed 2026-09-10). There is no versioned public interface or webhook delivery, so idempotency and durable acknowledgement cannot be assessed."
"I-13","Interoperability, imports and integrations","Import preview and cancellation","Invalid/cancelled import leaves current project unchanged","partial","src/cad.rs","","ACAD; DWG; BCF; IDS","no","State: partial (assessed 2026-09-10). A cancelled or invalid import leaves the project unchanged: the CAD bridge supports cancellation tokens, a malformed workbook preserves prior state, and an edited DXF refuses to restore a stale embedded design rather than partially applying it (`src-tauri/src/cad.rs`, `priceWorkbook.ts`, `exchange.ts`). Remaining: there is no import preview step before commit for every format."
"I-14","Interoperability, imports and integrations","Compatibility and loss reports","Every conversion lists supported scope and detected losses","partial","src/studio/architect/exchange.ts","","ACAD; DWG; BCF; IDS","no","State: partial (assessed 2026-09-10). DXF import reports what it skipped, naming unsupported entity types and bulges, and warns that imported geometry is reference material rather than inferred design (`src/studio/architect/exchange.ts`). Remaining: DWG, IFC and PDF conversions do not produce a comparable supported-scope and loss report."
"J-01","Jobs, programmes and commercial administration","Client, site and contact records","Project links remain valid when contact details change","gap","","","PROCORE; ACONEX","no","State: gap (assessed 2026-09-10). No programme, contract or commercial administration module exists. Jobs are drawing and takeoff records, not scheduled or contracted work. Recorded as a gap on 2026-09-10 after a code search confirmed the discipline words in the source are labels and categories, not a validated engine. Any future assessment of this category requires a separately validated solver or a licensed adapter, plus qualified review, per this register’s delivery sequence."
"J-02","Jobs, programmes and commercial administration","Brief and requirements register","Each requirement links to a responsible person and deliverable","gap","","","PROCORE; ACONEX","no","State: gap (assessed 2026-09-10). No programme, contract or commercial administration module exists. Jobs are drawing and takeoff records, not scheduled or contracted work. Recorded as a gap on 2026-09-10 after a code search confirmed the discipline words in the source are labels and categories, not a validated engine. Any future assessment of this category requires a separately validated solver or a licensed adapter, plus qualified review, per this register’s delivery sequence."
"J-03","Jobs, programmes and commercial administration","Scope, exclusions and assumptions","Issued scope is immutable and changes are revisioned","gap","","","PROCORE; ACONEX","no","State: gap (assessed 2026-09-10). No programme, contract or commercial administration module exists. Jobs are drawing and takeoff records, not scheduled or contracted work. Recorded as a gap on 2026-09-10 after a code search confirmed the discipline words in the source are labels and categories, not a validated engine. Any future assessment of this category requires a separately validated solver or a licensed adapter, plus qualified review, per this register’s delivery sequence."
"J-04","Jobs, programmes and commercial administration","Work breakdown and cost codes","Tasks, quantities and costs roll up without duplicates","gap","","","PROCORE; ACONEX","no","State: gap (assessed 2026-09-10). No programme, contract or commercial administration module exists. Jobs are drawing and takeoff records, not scheduled or contracted work. Recorded as a gap on 2026-09-10 after a code search confirmed the discipline words in the source are labels and categories, not a validated engine. Any future assessment of this category requires a separately validated solver or a licensed adapter, plus qualified review, per this register’s delivery sequence."
"J-05","Jobs, programmes and commercial administration","Programme and dependencies","Date changes recalculate dependent tasks and reveal conflicts","gap","","","PROCORE; ACONEX","no","State: gap (assessed 2026-09-10). No programme, contract or commercial administration module exists. Jobs are drawing and takeoff records, not scheduled or contracted work. Recorded as a gap on 2026-09-10 after a code search confirmed the discipline words in the source are labels and categories, not a validated engine. Any future assessment of this category requires a separately validated solver or a licensed adapter, plus qualified review, per this register’s delivery sequence."
"J-06","Jobs, programmes and commercial administration","Design deliverables and milestones","Overdue deliverables remain assigned and visible","gap","","","PROCORE; ACONEX","no","State: gap (assessed 2026-09-10). No programme, contract or commercial administration module exists. Jobs are drawing and takeoff records, not scheduled or contracted work. Recorded as a gap on 2026-09-10 after a code search confirmed the discipline words in the source are labels and categories, not a validated engine. Any future assessment of this category requires a separately validated solver or a licensed adapter, plus qualified review, per this register’s delivery sequence."
"J-07","Jobs, programmes and commercial administration","Resources and capacity","Overallocated people and equipment are identifiable","gap","","","PROCORE; ACONEX","no","State: gap (assessed 2026-09-10). No programme, contract or commercial administration module exists. Jobs are drawing and takeoff records, not scheduled or contracted work. Recorded as a gap on 2026-09-10 after a code search confirmed the discipline words in the source are labels and categories, not a validated engine. Any future assessment of this category requires a separately validated solver or a licensed adapter, plus qualified review, per this register’s delivery sequence."
"J-08","Jobs, programmes and commercial administration","Contracts and commitments","Approved scope and committed amount reconcile to supplier records","gap","","","PROCORE; ACONEX","no","State: gap (assessed 2026-09-10). No programme, contract or commercial administration module exists. Jobs are drawing and takeoff records, not scheduled or contracted work. Recorded as a gap on 2026-09-10 after a code search confirmed the discipline words in the source are labels and categories, not a validated engine. Any future assessment of this category requires a separately validated solver or a licensed adapter, plus qualified review, per this register’s delivery sequence."
"J-09","Jobs, programmes and commercial administration","Change events and approvals","Proposed variation cannot enter approved totals prematurely","gap","","","PROCORE; ACONEX","no","State: gap (assessed 2026-09-10). No programme, contract or commercial administration module exists. Jobs are drawing and takeoff records, not scheduled or contracted work. Recorded as a gap on 2026-09-10 after a code search confirmed the discipline words in the source are labels and categories, not a validated engine. Any future assessment of this category requires a separately validated solver or a licensed adapter, plus qualified review, per this register’s delivery sequence."
"J-10","Jobs, programmes and commercial administration","Procurement schedule","Required-on-site dates reconcile lead time and order status","gap","","","PROCORE; ACONEX","no","State: gap (assessed 2026-09-10). No programme, contract or commercial administration module exists. Jobs are drawing and takeoff records, not scheduled or contracted work. Recorded as a gap on 2026-09-10 after a code search confirmed the discipline words in the source are labels and categories, not a validated engine. Any future assessment of this category requires a separately validated solver or a licensed adapter, plus qualified review, per this register’s delivery sequence."
"J-11","Jobs, programmes and commercial administration","Meeting decisions and actions","Decision links to affected document and assigned follow-up","gap","","","PROCORE; ACONEX","no","State: gap (assessed 2026-09-10). No programme, contract or commercial administration module exists. Jobs are drawing and takeoff records, not scheduled or contracted work. Recorded as a gap on 2026-09-10 after a code search confirmed the discipline words in the source are labels and categories, not a validated engine. Any future assessment of this category requires a separately validated solver or a licensed adapter, plus qualified review, per this register’s delivery sequence."
"J-12","Jobs, programmes and commercial administration","Progress payment evidence","Claimed work links to approved measurement and period","gap","","","PROCORE; ACONEX","no","State: gap (assessed 2026-09-10). No programme, contract or commercial administration module exists. Jobs are drawing and takeoff records, not scheduled or contracted work. Recorded as a gap on 2026-09-10 after a code search confirmed the discipline words in the source are labels and categories, not a validated engine. Any future assessment of this category requires a separately validated solver or a licensed adapter, plus qualified review, per this register’s delivery sequence."
"J-13","Jobs, programmes and commercial administration","Portfolio search and reporting","User only sees permitted jobs and correct aggregate totals","gap","","","PROCORE; ACONEX","no","State: gap (assessed 2026-09-10). No programme, contract or commercial administration module exists. Jobs are drawing and takeoff records, not scheduled or contracted work. Recorded as a gap on 2026-09-10 after a code search confirmed the discipline words in the source are labels and categories, not a validated engine. Any future assessment of this category requires a separately validated solver or a licensed adapter, plus qualified review, per this register’s delivery sequence."
"J-14","Jobs, programmes and commercial administration","Closeout and lessons learned","Complete record archives and reopens with its issue history","gap","","","PROCORE; ACONEX","no","State: gap (assessed 2026-09-10). No programme, contract or commercial administration module exists. Jobs are drawing and takeoff records, not scheduled or contracted work. Recorded as a gap on 2026-09-10 after a code search confirmed the discipline words in the source are labels and categories, not a validated engine. Any future assessment of this category requires a separately validated solver or a licensed adapter, plus qualified review, per this register’s delivery sequence."
"K-01","Knowledge, libraries and reusable standards","Component and assembly libraries","Reuse preserves source, units and revision identity","gap","","","ACAD; SOLID; EPLAN","no","State: gap (assessed 2026-09-10). No shared knowledge library exists. Material and assembly definitions live inside a single project rather than in a reusable, versioned organisation standard. Recorded as a gap on 2026-09-10 after a code search confirmed the discipline words in the source are labels and categories, not a validated engine. Any future assessment of this category requires a separately validated solver or a licensed adapter, plus qualified review, per this register’s delivery sequence."
"K-02","Knowledge, libraries and reusable standards","Manufacturer product catalogues","Model/specification maps to an identifiable product","gap","","","ACAD; SOLID; EPLAN","no","State: gap (assessed 2026-09-10). No shared knowledge library exists. Material and assembly definitions live inside a single project rather than in a reusable, versioned organisation standard. Recorded as a gap on 2026-09-10 after a code search confirmed the discipline words in the source are labels and categories, not a validated engine. Any future assessment of this category requires a separately validated solver or a licensed adapter, plus qualified review, per this register’s delivery sequence."
"K-03","Knowledge, libraries and reusable standards","Detail and symbol libraries","Inserted detail retains attribution and discipline metadata","gap","","","ACAD; SOLID; EPLAN","no","State: gap (assessed 2026-09-10). No shared knowledge library exists. Material and assembly definitions live inside a single project rather than in a reusable, versioned organisation standard. Recorded as a gap on 2026-09-10 after a code search confirmed the discipline words in the source are labels and categories, not a validated engine. Any future assessment of this category requires a separately validated solver or a licensed adapter, plus qualified review, per this register’s delivery sequence."
"K-04","Knowledge, libraries and reusable standards","Organization naming conventions","Invalid drawing/asset names produce actionable validation","gap","","","ACAD; SOLID; EPLAN","no","State: gap (assessed 2026-09-10). No shared knowledge library exists. Material and assembly definitions live inside a single project rather than in a reusable, versioned organisation standard. Recorded as a gap on 2026-09-10 after a code search confirmed the discipline words in the source are labels and categories, not a validated engine. Any future assessment of this category requires a separately validated solver or a licensed adapter, plus qualified review, per this register’s delivery sequence."
"K-05","Knowledge, libraries and reusable standards","Classification mapping","Local codes map explicitly to selected classification systems","gap","","","ACAD; SOLID; EPLAN","no","State: gap (assessed 2026-09-10). No shared knowledge library exists. Material and assembly definitions live inside a single project rather than in a reusable, versioned organisation standard. Recorded as a gap on 2026-09-10 after a code search confirmed the discipline words in the source are labels and categories, not a validated engine. Any future assessment of this category requires a separately validated solver or a licensed adapter, plus qualified review, per this register’s delivery sequence."
"K-06","Knowledge, libraries and reusable standards","Specification clauses","Object properties link to the issued specification revision","gap","","","ACAD; SOLID; EPLAN","no","State: gap (assessed 2026-09-10). No shared knowledge library exists. Material and assembly definitions live inside a single project rather than in a reusable, versioned organisation standard. Recorded as a gap on 2026-09-10 after a code search confirmed the discipline words in the source are labels and categories, not a validated engine. Any future assessment of this category requires a separately validated solver or a licensed adapter, plus qualified review, per this register’s delivery sequence."
"K-07","Knowledge, libraries and reusable standards","Calculation templates","Inputs, formulas and validated range remain visible","gap","","","ACAD; SOLID; EPLAN","no","State: gap (assessed 2026-09-10). No shared knowledge library exists. Material and assembly definitions live inside a single project rather than in a reusable, versioned organisation standard. Recorded as a gap on 2026-09-10 after a code search confirmed the discipline words in the source are labels and categories, not a validated engine. Any future assessment of this category requires a separately validated solver or a licensed adapter, plus qualified review, per this register’s delivery sequence."
"K-08","Knowledge, libraries and reusable standards","Custom property sets","Type-safe fields survive import, duplication and export","gap","","","ACAD; SOLID; EPLAN","no","State: gap (assessed 2026-09-10). No shared knowledge library exists. Material and assembly definitions live inside a single project rather than in a reusable, versioned organisation standard. Recorded as a gap on 2026-09-10 after a code search confirmed the discipline words in the source are labels and categories, not a validated engine. Any future assessment of this category requires a separately validated solver or a licensed adapter, plus qualified review, per this register’s delivery sequence."
"K-09","Knowledge, libraries and reusable standards","Search and tags","Material, detail and project search returns permission-filtered results","gap","","","ACAD; SOLID; EPLAN","no","State: gap (assessed 2026-09-10). No shared knowledge library exists. Material and assembly definitions live inside a single project rather than in a reusable, versioned organisation standard. Recorded as a gap on 2026-09-10 after a code search confirmed the discipline words in the source are labels and categories, not a validated engine. Any future assessment of this category requires a separately validated solver or a licensed adapter, plus qualified review, per this register’s delivery sequence."
"K-10","Knowledge, libraries and reusable standards","Favourite tool palettes","User presets restore without changing project data","gap","","","ACAD; SOLID; EPLAN","no","State: gap (assessed 2026-09-10). No shared knowledge library exists. Material and assembly definitions live inside a single project rather than in a reusable, versioned organisation standard. Recorded as a gap on 2026-09-10 after a code search confirmed the discipline words in the source are labels and categories, not a validated engine. Any future assessment of this category requires a separately validated solver or a licensed adapter, plus qualified review, per this register’s delivery sequence."
"K-11","Knowledge, libraries and reusable standards","Library change control","Updating master content offers review before replacing instances","gap","","","ACAD; SOLID; EPLAN","no","State: gap (assessed 2026-09-10). No shared knowledge library exists. Material and assembly definitions live inside a single project rather than in a reusable, versioned organisation standard. Recorded as a gap on 2026-09-10 after a code search confirmed the discipline words in the source are labels and categories, not a validated engine. Any future assessment of this category requires a separately validated solver or a licensed adapter, plus qualified review, per this register’s delivery sequence."
"K-12","Knowledge, libraries and reusable standards","Content provenance and licensing","Restricted content cannot be silently redistributed","gap","","","ACAD; SOLID; EPLAN","no","State: gap (assessed 2026-09-10). No shared knowledge library exists. Material and assembly definitions live inside a single project rather than in a reusable, versioned organisation standard. Recorded as a gap on 2026-09-10 after a code search confirmed the discipline words in the source are labels and categories, not a validated engine. Any future assessment of this category requires a separately validated solver or a licensed adapter, plus qualified review, per this register’s delivery sequence."
"K-13","Knowledge, libraries and reusable standards","Training and contextual help","New user can complete a fixture workflow without hidden steps","gap","","","ACAD; SOLID; EPLAN","no","State: gap (assessed 2026-09-10). No shared knowledge library exists. Material and assembly definitions live inside a single project rather than in a reusable, versioned organisation standard. Recorded as a gap on 2026-09-10 after a code search confirmed the discipline words in the source are labels and categories, not a validated engine. Any future assessment of this category requires a separately validated solver or a licensed adapter, plus qualified review, per this register’s delivery sequence."
"K-14","Knowledge, libraries and reusable standards","Organization template portability","Import checks dependencies and conflicting identifiers","gap","","","ACAD; SOLID; EPLAN","no","State: gap (assessed 2026-09-10). No shared knowledge library exists. Material and assembly definitions live inside a single project rather than in a reusable, versioned organisation standard. Recorded as a gap on 2026-09-10 after a code search confirmed the discipline words in the source are labels and categories, not a validated engine. Any future assessment of this category requires a separately validated solver or a licensed adapter, plus qualified review, per this register’s delivery sequence."
"L-01","Landscape, land development and public realm","Site constraints and setbacks","Mapped constraints remain visible in design and issue sheets","gap","","","LANDMARK; OPENSITE","no","State: gap (assessed 2026-09-10). No landscape or land-development engine exists. Landscape appears only as a material and takeoff category, with no terrain, grading, drainage or planting model. Recorded as a gap on 2026-09-10 after a code search confirmed the discipline words in the source are labels and categories, not a validated engine. Any future assessment of this category requires a separately validated solver or a licensed adapter, plus qualified review, per this register’s delivery sequence."
"L-02","Landscape, land development and public realm","Grading and drainage design","Surface edits produce consistent slopes and catchments","gap","","","LANDMARK; OPENSITE","no","State: gap (assessed 2026-09-10). No landscape or land-development engine exists. Landscape appears only as a material and takeoff category, with no terrain, grading, drainage or planting model. Recorded as a gap on 2026-09-10 after a code search confirmed the discipline words in the source are labels and categories, not a validated engine. Any future assessment of this category requires a separately validated solver or a licensed adapter, plus qualified review, per this register’s delivery sequence."
"L-03","Landscape, land development and public realm","Cut/fill and earthworks","Independent volumes reconcile existing and proposed surfaces","gap","","","LANDMARK; OPENSITE","no","State: gap (assessed 2026-09-10). No landscape or land-development engine exists. Landscape appears only as a material and takeoff category, with no terrain, grading, drainage or planting model. Recorded as a gap on 2026-09-10 after a code search confirmed the discipline words in the source are labels and categories, not a validated engine. Any future assessment of this category requires a separately validated solver or a licensed adapter, plus qualified review, per this register’s delivery sequence."
"L-04","Landscape, land development and public realm","Planting and species schedules","Counts, spacing, maturity and stock sizes reconcile plans","gap","","","LANDMARK; OPENSITE","no","State: gap (assessed 2026-09-10). No landscape or land-development engine exists. Landscape appears only as a material and takeoff category, with no terrain, grading, drainage or planting model. Recorded as a gap on 2026-09-10 after a code search confirmed the discipline words in the source are labels and categories, not a validated engine. Any future assessment of this category requires a separately validated solver or a licensed adapter, plus qualified review, per this register’s delivery sequence."
"L-05","Landscape, land development and public realm","Irrigation networks","Zones, demand and equipment link to checked hydraulic inputs","gap","","","LANDMARK; OPENSITE","no","State: gap (assessed 2026-09-10). No landscape or land-development engine exists. Landscape appears only as a material and takeoff category, with no terrain, grading, drainage or planting model. Recorded as a gap on 2026-09-10 after a code search confirmed the discipline words in the source are labels and categories, not a validated engine. Any future assessment of this category requires a separately validated solver or a licensed adapter, plus qualified review, per this register’s delivery sequence."
"L-06","Landscape, land development and public realm","Hardscape and paving patterns","Edge cuts and net areas reconcile layout geometry","gap","","","LANDMARK; OPENSITE","no","State: gap (assessed 2026-09-10). No landscape or land-development engine exists. Landscape appears only as a material and takeoff category, with no terrain, grading, drainage or planting model. Recorded as a gap on 2026-09-10 after a code search confirmed the discipline words in the source are labels and categories, not a validated engine. Any future assessment of this category requires a separately validated solver or a licensed adapter, plus qualified review, per this register’s delivery sequence."
"L-07","Landscape, land development and public realm","Retaining walls and terraces","Height/level changes update quantities and sections","gap","","","LANDMARK; OPENSITE","no","State: gap (assessed 2026-09-10). No landscape or land-development engine exists. Landscape appears only as a material and takeoff category, with no terrain, grading, drainage or planting model. Recorded as a gap on 2026-09-10 after a code search confirmed the discipline words in the source are labels and categories, not a validated engine. Any future assessment of this category requires a separately validated solver or a licensed adapter, plus qualified review, per this register’s delivery sequence."
"L-08","Landscape, land development and public realm","Accessible paths and ramps","Slopes and landings report measured values against selected criteria","gap","","","LANDMARK; OPENSITE","no","State: gap (assessed 2026-09-10). No landscape or land-development engine exists. Landscape appears only as a material and takeoff category, with no terrain, grading, drainage or planting model. Recorded as a gap on 2026-09-10 after a code search confirmed the discipline words in the source are labels and categories, not a validated engine. Any future assessment of this category requires a separately validated solver or a licensed adapter, plus qualified review, per this register’s delivery sequence."
"L-09","Landscape, land development and public realm","Street furniture and lighting","Location schedule matches placed assets","gap","","","LANDMARK; OPENSITE","no","State: gap (assessed 2026-09-10). No landscape or land-development engine exists. Landscape appears only as a material and takeoff category, with no terrain, grading, drainage or planting model. Recorded as a gap on 2026-09-10 after a code search confirmed the discipline words in the source are labels and categories, not a validated engine. Any future assessment of this category requires a separately validated solver or a licensed adapter, plus qualified review, per this register’s delivery sequence."
"L-10","Landscape, land development and public realm","Arboriculture and tree protection","Surveyed trees retain condition, exclusion zone and decision history","gap","","","LANDMARK; OPENSITE","no","State: gap (assessed 2026-09-10). No landscape or land-development engine exists. Landscape appears only as a material and takeoff category, with no terrain, grading, drainage or planting model. Recorded as a gap on 2026-09-10 after a code search confirmed the discipline words in the source are labels and categories, not a validated engine. Any future assessment of this category requires a separately validated solver or a licensed adapter, plus qualified review, per this register’s delivery sequence."
"L-11","Landscape, land development and public realm","Erosion, sediment and water-sensitive design","Staging and treatment assumptions remain recorded","gap","","","LANDMARK; OPENSITE","no","State: gap (assessed 2026-09-10). No landscape or land-development engine exists. Landscape appears only as a material and takeoff category, with no terrain, grading, drainage or planting model. Recorded as a gap on 2026-09-10 after a code search confirmed the discipline words in the source are labels and categories, not a validated engine. Any future assessment of this category requires a separately validated solver or a licensed adapter, plus qualified review, per this register’s delivery sequence."
"L-12","Landscape, land development and public realm","Playgrounds, parks and sports facilities","Equipment clearances and maintenance needs are traceable","gap","","","LANDMARK; OPENSITE","no","State: gap (assessed 2026-09-10). No landscape or land-development engine exists. Landscape appears only as a material and takeoff category, with no terrain, grading, drainage or planting model. Recorded as a gap on 2026-09-10 after a code search confirmed the discipline words in the source are labels and categories, not a validated engine. Any future assessment of this category requires a separately validated solver or a licensed adapter, plus qualified review, per this register’s delivery sequence."
"L-13","Landscape, land development and public realm","Habitat and biodiversity schedules","Habitat areas and stated assessment method remain inspectable","gap","","","LANDMARK; OPENSITE","no","State: gap (assessed 2026-09-10). No landscape or land-development engine exists. Landscape appears only as a material and takeoff category, with no terrain, grading, drainage or planting model. Recorded as a gap on 2026-09-10 after a code search confirmed the discipline words in the source are labels and categories, not a validated engine. Any future assessment of this category requires a separately validated solver or a licensed adapter, plus qualified review, per this register’s delivery sequence."
"L-14","Landscape, land development and public realm","Landscape maintenance handover","Planting, irrigation and warranty records follow installed assets","gap","","","LANDMARK; OPENSITE","no","State: gap (assessed 2026-09-10). No landscape or land-development engine exists. Landscape appears only as a material and takeoff category, with no terrain, grading, drainage or planting model. Recorded as a gap on 2026-09-10 after a code search confirmed the discipline words in the source are labels and categories, not a validated engine. Any future assessment of this category requires a separately validated solver or a licensed adapter, plus qualified review, per this register’s delivery sequence."
"M-01","Manufacturing, mechanical design and fabrication","Parametric parts and feature history","Dimension change regenerates a valid part or explains failure","gap","","","SOLID; NX; EPLAN","no","State: gap (assessed 2026-09-10). No manufacturing or fabrication engine exists. There is no part, assembly, joint, weld, nesting or machine-output model. Recorded as a gap on 2026-09-10 after a code search confirmed the discipline words in the source are labels and categories, not a validated engine. Any future assessment of this category requires a separately validated solver or a licensed adapter, plus qualified review, per this register’s delivery sequence."
"M-02","Manufacturing, mechanical design and fabrication","Assemblies, mates and interference","Assembly motion and collision checks match known fixtures","gap","","","SOLID; NX; EPLAN","no","State: gap (assessed 2026-09-10). No manufacturing or fabrication engine exists. There is no part, assembly, joint, weld, nesting or machine-output model. Recorded as a gap on 2026-09-10 after a code search confirmed the discipline words in the source are labels and categories, not a validated engine. Any future assessment of this category requires a separately validated solver or a licensed adapter, plus qualified review, per this register’s delivery sequence."
"M-03","Manufacturing, mechanical design and fabrication","Tolerances and GD&T","Drawing annotations bind to intended datum and feature","gap","","","SOLID; NX; EPLAN","no","State: gap (assessed 2026-09-10). No manufacturing or fabrication engine exists. There is no part, assembly, joint, weld, nesting or machine-output model. Recorded as a gap on 2026-09-10 after a code search confirmed the discipline words in the source are labels and categories, not a validated engine. Any future assessment of this category requires a separately validated solver or a licensed adapter, plus qualified review, per this register’s delivery sequence."
"M-04","Manufacturing, mechanical design and fabrication","Sheet metal and flat patterns","Bend allowance and unfolded dimensions match fabrication reference","gap","","","SOLID; NX; EPLAN","no","State: gap (assessed 2026-09-10). No manufacturing or fabrication engine exists. There is no part, assembly, joint, weld, nesting or machine-output model. Recorded as a gap on 2026-09-10 after a code search confirmed the discipline words in the source are labels and categories, not a validated engine. Any future assessment of this category requires a separately validated solver or a licensed adapter, plus qualified review, per this register’s delivery sequence."
"M-05","Manufacturing, mechanical design and fabrication","Weldments and structural frames","Cut list reconciles lengths, end treatments and members","gap","","","SOLID; NX; EPLAN","no","State: gap (assessed 2026-09-10). No manufacturing or fabrication engine exists. There is no part, assembly, joint, weld, nesting or machine-output model. Recorded as a gap on 2026-09-10 after a code search confirmed the discipline words in the source are labels and categories, not a validated engine. Any future assessment of this category requires a separately validated solver or a licensed adapter, plus qualified review, per this register’s delivery sequence."
"M-06","Manufacturing, mechanical design and fabrication","Joinery and cabinet manufacture","Panels, edging, hardware and drilling reconcile assembly","gap","","","SOLID; NX; EPLAN","no","State: gap (assessed 2026-09-10). No manufacturing or fabrication engine exists. There is no part, assembly, joint, weld, nesting or machine-output model. Recorded as a gap on 2026-09-10 after a code search confirmed the discipline words in the source are labels and categories, not a validated engine. Any future assessment of this category requires a separately validated solver or a licensed adapter, plus qualified review, per this register’s delivery sequence."
"M-07","Manufacturing, mechanical design and fabrication","Part numbers, BOM and configurations","Variant BOM contains exactly the selected components","gap","","","SOLID; NX; EPLAN","no","State: gap (assessed 2026-09-10). No manufacturing or fabrication engine exists. There is no part, assembly, joint, weld, nesting or machine-output model. Recorded as a gap on 2026-09-10 after a code search confirmed the discipline words in the source are labels and categories, not a validated engine. Any future assessment of this category requires a separately validated solver or a licensed adapter, plus qualified review, per this register’s delivery sequence."
"M-08","Manufacturing, mechanical design and fabrication","Nesting and stock optimization","Kerf, grain and remnants are respected in material yield","gap","","","SOLID; NX; EPLAN","no","State: gap (assessed 2026-09-10). No manufacturing or fabrication engine exists. There is no part, assembly, joint, weld, nesting or machine-output model. Recorded as a gap on 2026-09-10 after a code search confirmed the discipline words in the source are labels and categories, not a validated engine. Any future assessment of this category requires a separately validated solver or a licensed adapter, plus qualified review, per this register’s delivery sequence."
"M-09","Manufacturing, mechanical design and fabrication","CAM toolpaths and posts","Independent simulation validates chosen machine/post combination","gap","","","SOLID; NX; EPLAN","no","State: gap (assessed 2026-09-10). No manufacturing or fabrication engine exists. There is no part, assembly, joint, weld, nesting or machine-output model. Recorded as a gap on 2026-09-10 after a code search confirmed the discipline words in the source are labels and categories, not a validated engine. Any future assessment of this category requires a separately validated solver or a licensed adapter, plus qualified review, per this register’s delivery sequence."
"M-10","Manufacturing, mechanical design and fabrication","Additive manufacturing preparation","Wall limits, supports and build orientation are checked","gap","","","SOLID; NX; EPLAN","no","State: gap (assessed 2026-09-10). No manufacturing or fabrication engine exists. There is no part, assembly, joint, weld, nesting or machine-output model. Recorded as a gap on 2026-09-10 after a code search confirmed the discipline words in the source are labels and categories, not a validated engine. Any future assessment of this category requires a separately validated solver or a licensed adapter, plus qualified review, per this register’s delivery sequence."
"M-11","Manufacturing, mechanical design and fabrication","Tooling, jigs and fixtures","Setup constraints and reference positions are documented","gap","","","SOLID; NX; EPLAN","no","State: gap (assessed 2026-09-10). No manufacturing or fabrication engine exists. There is no part, assembly, joint, weld, nesting or machine-output model. Recorded as a gap on 2026-09-10 after a code search confirmed the discipline words in the source are labels and categories, not a validated engine. Any future assessment of this category requires a separately validated solver or a licensed adapter, plus qualified review, per this register’s delivery sequence."
"M-12","Manufacturing, mechanical design and fabrication","Weld maps and traceability","Weld procedure and inspection link to material and serial identity","gap","","","SOLID; NX; EPLAN","no","State: gap (assessed 2026-09-10). No manufacturing or fabrication engine exists. There is no part, assembly, joint, weld, nesting or machine-output model. Recorded as a gap on 2026-09-10 after a code search confirmed the discipline words in the source are labels and categories, not a validated engine. Any future assessment of this category requires a separately validated solver or a licensed adapter, plus qualified review, per this register’s delivery sequence."
"M-13","Manufacturing, mechanical design and fabrication","Quality inspection and metrology","Measured deviations reconcile nominal geometry and tolerance","gap","","","SOLID; NX; EPLAN","no","State: gap (assessed 2026-09-10). No manufacturing or fabrication engine exists. There is no part, assembly, joint, weld, nesting or machine-output model. Recorded as a gap on 2026-09-10 after a code search confirmed the discipline words in the source are labels and categories, not a validated engine. Any future assessment of this category requires a separately validated solver or a licensed adapter, plus qualified review, per this register’s delivery sequence."
"M-14","Manufacturing, mechanical design and fabrication","Engineering change and release","Released manufacturing package remains reproducible after changes","gap","","","SOLID; NX; EPLAN","no","State: gap (assessed 2026-09-10). No manufacturing or fabrication engine exists. There is no part, assembly, joint, weld, nesting or machine-output model. Recorded as a gap on 2026-09-10 after a code search confirmed the discipline words in the source are labels and categories, not a validated engine. Any future assessment of this category requires a separately validated solver or a licensed adapter, plus qualified review, per this register’s delivery sequence."
"N-01","Networks, electrical, controls and communications","Single-line and circuit diagrams","Circuit identity is consistent across drawings and schedules","gap","","","REVIT; EPLAN","no","State: gap (assessed 2026-09-10). No electrical, controls or communications engine exists. Electrical appears only as a trade label on takeoff categories, with no circuits, loads, cables or network topology. Recorded as a gap on 2026-09-10 after a code search confirmed the discipline words in the source are labels and categories, not a validated engine. Any future assessment of this category requires a separately validated solver or a licensed adapter, plus qualified review, per this register’s delivery sequence."
"N-02","Networks, electrical, controls and communications","Electrical load schedules","Diversity and connected demand reconcile checked inputs","gap","","","REVIT; EPLAN","no","State: gap (assessed 2026-09-10). No electrical, controls or communications engine exists. Electrical appears only as a trade label on takeoff categories, with no circuits, loads, cables or network topology. Recorded as a gap on 2026-09-10 after a code search confirmed the discipline words in the source are labels and categories, not a validated engine. Any future assessment of this category requires a separately validated solver or a licensed adapter, plus qualified review, per this register’s delivery sequence."
"N-03","Networks, electrical, controls and communications","Cable sizing and voltage drop","Selected assumptions reproduce a checked calculation","gap","","","REVIT; EPLAN","no","State: gap (assessed 2026-09-10). No electrical, controls or communications engine exists. Electrical appears only as a trade label on takeoff categories, with no circuits, loads, cables or network topology. Recorded as a gap on 2026-09-10 after a code search confirmed the discipline words in the source are labels and categories, not a validated engine. Any future assessment of this category requires a separately validated solver or a licensed adapter, plus qualified review, per this register’s delivery sequence."
"N-04","Networks, electrical, controls and communications","Protection and fault coordination","Device curves and fault assumptions are version-bound","gap","","","REVIT; EPLAN","no","State: gap (assessed 2026-09-10). No electrical, controls or communications engine exists. Electrical appears only as a trade label on takeoff categories, with no circuits, loads, cables or network topology. Recorded as a gap on 2026-09-10 after a code search confirmed the discipline words in the source are labels and categories, not a validated engine. Any future assessment of this category requires a separately validated solver or a licensed adapter, plus qualified review, per this register’s delivery sequence."
"N-05","Networks, electrical, controls and communications","Lighting layout and calculations","Fixture data and measured illuminance match reference cases","gap","","","REVIT; EPLAN","no","State: gap (assessed 2026-09-10). No electrical, controls or communications engine exists. Electrical appears only as a trade label on takeoff categories, with no circuits, loads, cables or network topology. Recorded as a gap on 2026-09-10 after a code search confirmed the discipline words in the source are labels and categories, not a validated engine. Any future assessment of this category requires a separately validated solver or a licensed adapter, plus qualified review, per this register’s delivery sequence."
"N-06","Networks, electrical, controls and communications","Earthing and lightning protection","Conductors and test points link to reviewed design criteria","gap","","","REVIT; EPLAN","no","State: gap (assessed 2026-09-10). No electrical, controls or communications engine exists. Electrical appears only as a trade label on takeoff categories, with no circuits, loads, cables or network topology. Recorded as a gap on 2026-09-10 after a code search confirmed the discipline words in the source are labels and categories, not a validated engine. Any future assessment of this category requires a separately validated solver or a licensed adapter, plus qualified review, per this register’s delivery sequence."
"N-07","Networks, electrical, controls and communications","Panel and switchboard schedules","Ways, phases and equipment reconcile connected circuits","gap","","","REVIT; EPLAN","no","State: gap (assessed 2026-09-10). No electrical, controls or communications engine exists. Electrical appears only as a trade label on takeoff categories, with no circuits, loads, cables or network topology. Recorded as a gap on 2026-09-10 after a code search confirmed the discipline words in the source are labels and categories, not a validated engine. Any future assessment of this category requires a separately validated solver or a licensed adapter, plus qualified review, per this register’s delivery sequence."
"N-08","Networks, electrical, controls and communications","Cable tray and containment routes","Lengths, fill and clearances follow actual routing","gap","","","REVIT; EPLAN","no","State: gap (assessed 2026-09-10). No electrical, controls or communications engine exists. Electrical appears only as a trade label on takeoff categories, with no circuits, loads, cables or network topology. Recorded as a gap on 2026-09-10 after a code search confirmed the discipline words in the source are labels and categories, not a validated engine. Any future assessment of this category requires a separately validated solver or a licensed adapter, plus qualified review, per this register’s delivery sequence."
"N-09","Networks, electrical, controls and communications","Controls, PLC and I/O schedules","Each tag maps consistently to device, terminal and channel","gap","","","REVIT; EPLAN","no","State: gap (assessed 2026-09-10). No electrical, controls or communications engine exists. Electrical appears only as a trade label on takeoff categories, with no circuits, loads, cables or network topology. Recorded as a gap on 2026-09-10 after a code search confirmed the discipline words in the source are labels and categories, not a validated engine. Any future assessment of this category requires a separately validated solver or a licensed adapter, plus qualified review, per this register’s delivery sequence."
"N-10","Networks, electrical, controls and communications","Telecommunications and fibre","Ports, fibres, splices and loss budgets remain traceable","gap","","","REVIT; EPLAN","no","State: gap (assessed 2026-09-10). No electrical, controls or communications engine exists. Electrical appears only as a trade label on takeoff categories, with no circuits, loads, cables or network topology. Recorded as a gap on 2026-09-10 after a code search confirmed the discipline words in the source are labels and categories, not a validated engine. Any future assessment of this category requires a separately validated solver or a licensed adapter, plus qualified review, per this register’s delivery sequence."
"N-11","Networks, electrical, controls and communications","Security, CCTV and access systems","Device coverage and restricted credentials stay separate","gap","","","REVIT; EPLAN","no","State: gap (assessed 2026-09-10). No electrical, controls or communications engine exists. Electrical appears only as a trade label on takeoff categories, with no circuits, loads, cables or network topology. Recorded as a gap on 2026-09-10 after a code search confirmed the discipline words in the source are labels and categories, not a validated engine. Any future assessment of this category requires a separately validated solver or a licensed adapter, plus qualified review, per this register’s delivery sequence."
"N-12","Networks, electrical, controls and communications","Solar, batteries and EV charging","Equipment, demand and connection assumptions are explicit","gap","","","REVIT; EPLAN","no","State: gap (assessed 2026-09-10). No electrical, controls or communications engine exists. Electrical appears only as a trade label on takeoff categories, with no circuits, loads, cables or network topology. Recorded as a gap on 2026-09-10 after a code search confirmed the discipline words in the source are labels and categories, not a validated engine. Any future assessment of this category requires a separately validated solver or a licensed adapter, plus qualified review, per this register’s delivery sequence."
"N-13","Networks, electrical, controls and communications","Instrumentation and loop diagrams","Tag and loop changes propagate through affected documents","gap","","","REVIT; EPLAN","no","State: gap (assessed 2026-09-10). No electrical, controls or communications engine exists. Electrical appears only as a trade label on takeoff categories, with no circuits, loads, cables or network topology. Recorded as a gap on 2026-09-10 after a code search confirmed the discipline words in the source are labels and categories, not a validated engine. Any future assessment of this category requires a separately validated solver or a licensed adapter, plus qualified review, per this register’s delivery sequence."
"N-14","Networks, electrical, controls and communications","Testing and electrical handover","Test results link to installed circuit and equipment revision","gap","","","REVIT; EPLAN","no","State: gap (assessed 2026-09-10). No electrical, controls or communications engine exists. Electrical appears only as a trade label on takeoff categories, with no circuits, loads, cables or network topology. Recorded as a gap on 2026-09-10 after a code search confirmed the discipline words in the source are labels and categories, not a validated engine. Any future assessment of this category requires a separately validated solver or a licensed adapter, plus qualified review, per this register’s delivery sequence."
"O-01","Operations, facilities and asset management","Asset register and location hierarchy","Installed asset is findable by ID, space and system","gap","","","MAXIMO; AVEVA","no","State: gap (assessed 2026-09-10). No operations or asset-management module exists. Asset words refer to project files and media, not to maintained equipment with condition and work orders. Recorded as a gap on 2026-09-10 after a code search confirmed the discipline words in the source are labels and categories, not a validated engine. Any future assessment of this category requires a separately validated solver or a licensed adapter, plus qualified review, per this register’s delivery sequence."
"O-02","Operations, facilities and asset management","O&M manuals and warranties","Exact asset links to current manual and warranty dates","gap","","","MAXIMO; AVEVA","no","State: gap (assessed 2026-09-10). No operations or asset-management module exists. Asset words refer to project files and media, not to maintained equipment with condition and work orders. Recorded as a gap on 2026-09-10 after a code search confirmed the discipline words in the source are labels and categories, not a validated engine. Any future assessment of this category requires a separately validated solver or a licensed adapter, plus qualified review, per this register’s delivery sequence."
"O-03","Operations, facilities and asset management","Commissioning and practical completion","Open defects remain visible at handover","gap","","","MAXIMO; AVEVA","no","State: gap (assessed 2026-09-10). No operations or asset-management module exists. Asset words refer to project files and media, not to maintained equipment with condition and work orders. Recorded as a gap on 2026-09-10 after a code search confirmed the discipline words in the source are labels and categories, not a validated engine. Any future assessment of this category requires a separately validated solver or a licensed adapter, plus qualified review, per this register’s delivery sequence."
"O-04","Operations, facilities and asset management","Preventive maintenance plans","Recurrence generates the correct due work orders","gap","","","MAXIMO; AVEVA","no","State: gap (assessed 2026-09-10). No operations or asset-management module exists. Asset words refer to project files and media, not to maintained equipment with condition and work orders. Recorded as a gap on 2026-09-10 after a code search confirmed the discipline words in the source are labels and categories, not a validated engine. Any future assessment of this category requires a separately validated solver or a licensed adapter, plus qualified review, per this register’s delivery sequence."
"O-05","Operations, facilities and asset management","Reactive work orders","Request progresses through assignment, execution and verification","gap","","","MAXIMO; AVEVA","no","State: gap (assessed 2026-09-10). No operations or asset-management module exists. Asset words refer to project files and media, not to maintained equipment with condition and work orders. Recorded as a gap on 2026-09-10 after a code search confirmed the discipline words in the source are labels and categories, not a validated engine. Any future assessment of this category requires a separately validated solver or a licensed adapter, plus qualified review, per this register’s delivery sequence."
"O-06","Operations, facilities and asset management","Condition inspection and history","Condition scores retain method, date and supporting evidence","gap","","","MAXIMO; AVEVA","no","State: gap (assessed 2026-09-10). No operations or asset-management module exists. Asset words refer to project files and media, not to maintained equipment with condition and work orders. Recorded as a gap on 2026-09-10 after a code search confirmed the discipline words in the source are labels and categories, not a validated engine. Any future assessment of this category requires a separately validated solver or a licensed adapter, plus qualified review, per this register’s delivery sequence."
"O-07","Operations, facilities and asset management","Spare parts and maintenance inventory","Consumption links to work order and stock balance","gap","","","MAXIMO; AVEVA","no","State: gap (assessed 2026-09-10). No operations or asset-management module exists. Asset words refer to project files and media, not to maintained equipment with condition and work orders. Recorded as a gap on 2026-09-10 after a code search confirmed the discipline words in the source are labels and categories, not a validated engine. Any future assessment of this category requires a separately validated solver or a licensed adapter, plus qualified review, per this register’s delivery sequence."
"O-08","Operations, facilities and asset management","QR/barcode field lookup","Scan resolves correct asset and permitted records","gap","","","MAXIMO; AVEVA","no","State: gap (assessed 2026-09-10). No operations or asset-management module exists. Asset words refer to project files and media, not to maintained equipment with condition and work orders. Recorded as a gap on 2026-09-10 after a code search confirmed the discipline words in the source are labels and categories, not a validated engine. Any future assessment of this category requires a separately validated solver or a licensed adapter, plus qualified review, per this register’s delivery sequence."
"O-09","Operations, facilities and asset management","Space and occupancy management","Space changes reconcile floor area and assigned occupancy","gap","","","MAXIMO; AVEVA","no","State: gap (assessed 2026-09-10). No operations or asset-management module exists. Asset words refer to project files and media, not to maintained equipment with condition and work orders. Recorded as a gap on 2026-09-10 after a code search confirmed the discipline words in the source are labels and categories, not a validated engine. Any future assessment of this category requires a separately validated solver or a licensed adapter, plus qualified review, per this register’s delivery sequence."
"O-10","Operations, facilities and asset management","Metering and performance trends","Time-series units, gaps and calibration are explicit","gap","","","MAXIMO; AVEVA","no","State: gap (assessed 2026-09-10). No operations or asset-management module exists. Asset words refer to project files and media, not to maintained equipment with condition and work orders. Recorded as a gap on 2026-09-10 after a code search confirmed the discipline words in the source are labels and categories, not a validated engine. Any future assessment of this category requires a separately validated solver or a licensed adapter, plus qualified review, per this register’s delivery sequence."
"O-11","Operations, facilities and asset management","Sensor/BMS integrations","Disconnected or stale feed cannot appear current","gap","","","MAXIMO; AVEVA","no","State: gap (assessed 2026-09-10). No operations or asset-management module exists. Asset words refer to project files and media, not to maintained equipment with condition and work orders. Recorded as a gap on 2026-09-10 after a code search confirmed the discipline words in the source are labels and categories, not a validated engine. Any future assessment of this category requires a separately validated solver or a licensed adapter, plus qualified review, per this register’s delivery sequence."
"O-12","Operations, facilities and asset management","Service contractors and SLAs","Escalations respect priority, business hours and contract","gap","","","MAXIMO; AVEVA","no","State: gap (assessed 2026-09-10). No operations or asset-management module exists. Asset words refer to project files and media, not to maintained equipment with condition and work orders. Recorded as a gap on 2026-09-10 after a code search confirmed the discipline words in the source are labels and categories, not a validated engine. Any future assessment of this category requires a separately validated solver or a licensed adapter, plus qualified review, per this register’s delivery sequence."
"O-13","Operations, facilities and asset management","Lifecycle renewal and budgets","Replacement forecasts retain condition and cost assumptions","gap","","","MAXIMO; AVEVA","no","State: gap (assessed 2026-09-10). No operations or asset-management module exists. Asset words refer to project files and media, not to maintained equipment with condition and work orders. Recorded as a gap on 2026-09-10 after a code search confirmed the discipline words in the source are labels and categories, not a validated engine. Any future assessment of this category requires a separately validated solver or a licensed adapter, plus qualified review, per this register’s delivery sequence."
"O-14","Operations, facilities and asset management","Decommissioning and disposal","Retired assets preserve records and disposal evidence","gap","","","MAXIMO; AVEVA","no","State: gap (assessed 2026-09-10). No operations or asset-management module exists. Asset words refer to project files and media, not to maintained equipment with condition and work orders. Recorded as a gap on 2026-09-10 after a code search confirmed the discipline words in the source are labels and categories, not a validated engine. Any future assessment of this category requires a separately validated solver or a licensed adapter, plus qualified review, per this register’s delivery sequence."
"P-01","Procurement, products and pricing research","User-initiated Firecrawl search","Explicit query returns bounded real source links or honest failure","dependency-blocked","","proof/growth/2026-09-08-az3-pricing-research/README.md","FIRECRAWL; COSTX; PROCORE","no","State: dependency-blocked (live credential); bounded contract implemented in development 2026-09-08: fixed v2 search endpoint, web sources only, at most 5 links, one click starts one attempt, honest typed failures (503 not-configured proven live in the browser; 401/402/429/timeout/cancel/invalid-response/too-large/busy proven with mocked fetch, 27 tests). No live Firecrawl request was made. Code/proof: [SC-04 pricing research](proof/growth/2026-09-08-az3-pricing-research/README.md). Remaining: real credentialed search with recorded usage, native transport."
"P-02","Procurement, products and pricing research","Supplier and regional filters","Results show selected country, supplier and search timestamp","partial","","proof/growth/2026-09-08-az3-pricing-research/README.md","FIRECRAWL; COSTX; PROCORE","no","State: partial. Country, include-only supplier domain and finish timestamp are carried in the result contract and display summary (unit-tested 2026-09-08); no live result has been rendered. Code/proof: [SC-04 pricing research](proof/growth/2026-09-08-az3-pricing-research/README.md). Remaining: live result, location filter in the UI."
"P-03","Procurement, products and pricing research","Structured product extraction","SKU, specification, price basis and source excerpt are reviewable","dependency-blocked","src/lib/pricingResearch.server.ts","","FIRECRAWL; COSTX; PROCORE","no","State: dependency-blocked (assessed 2026-09-10). Structured product extraction requires a live search credential that is not configured. The bounded contract returns web sources with a truthful not-configured state, and no scrape or extraction path is implemented (`src/lib/pricingResearch.server.ts`). A Perplexity route was verified live but is not wired into the product."
"P-04","Procurement, products and pricing research","Variant and product matching","Different grade/size/finish cannot silently substitute requested item","gap","","","FIRECRAWL; COSTX; PROCORE","no","State: gap (assessed 2026-09-10). There is no product or variant matching, so grade, size and finish substitution cannot be prevented."
"P-05","Procurement, products and pricing research","Price basis and availability","Ex-tax/inc-tax, pack size, stock and delivery conditions remain explicit","partial","src/studio/priceBooks.ts","","FIRECRAWL; COSTX; PROCORE","no","State: partial (assessed 2026-09-10). Price basis is explicit where rates exist: tax basis, tax percentage, currency, decimals, effective date and supplier are recorded per price book and never inferred (`src/studio/priceBooks.ts`). Remaining: pack size, stock and delivery conditions are not modelled, and no researched price carries a basis because research cannot run."
"P-06","Procurement, products and pricing research","Missing and quoted-only prices","Unknown price remains unknown instead of zero or invented value","partial","src/studio/crmBridge.ts","","FIRECRAWL; COSTX; PROCORE","no","State: partial (assessed 2026-09-10). An unknown price stays unknown rather than becoming zero: the quantity bridge reports an explicit unavailable pricing status per line instead of substituting a value (`src/studio/crmBridge.ts`). Remaining: there is no quoted-only state distinct from unavailable."
"P-07","Procurement, products and pricing research","Price freshness and provenance","Each rate retains retrieval time, source URL and quoted currency","partial","src/lib/pricingResearch.server.ts; src/studio/pricing/pricingResearch.ts","","FIRECRAWL; COSTX; PROCORE","no","State: partial (assessed 2026-09-10). The research contract carries a finish timestamp, the selected country and supplier filters, and duplicate links are collapsed, so a returned rate would keep its retrieval context (`src/lib/pricingResearch.server.ts`, `src/studio/pricing/pricingResearch.ts`). Remaining: no live retrieval has occurred, so no rate carries real provenance yet."
"P-08","Procurement, products and pricing research","Review before rate application","Unreviewed research never changes project costs","partial","src/studio/pricing/PricingResearchPanel.tsx","","FIRECRAWL; COSTX; PROCORE","no","State: partial (assessed 2026-09-10). Unreviewed research cannot change project cost because research results are never applied to rates at all: the panel presents candidates and the application path does not exist (`src/studio/pricing/PricingResearchPanel.tsx`). Remaining: this is currently satisfied by absence rather than by a working review gate, so it must be re-assessed when application is built."
"P-09","Procurement, products and pricing research","Provider budgets and credentials","Secrets remain server/native-only and requests respect limits","partial","","proof/growth/2026-09-08-az3-pricing-research/README.md","FIRECRAWL; COSTX; PROCORE","no","State: partial. Key read only from server FIRECRAWL_API_KEY with an operator enable flag; never in responses, failures or browser code (tested 2026-09-08); 64 KiB request, 35 s and 1 MiB response caps; single in-flight search; no automatic retry; nominal credit estimate shown separately from reported usage. Code/proof: [SC-04 pricing research](proof/growth/2026-09-08-az3-pricing-research/README.md). Remaining: durable budget reservation/reconciliation, tenant authorization, native credential store."
"P-10","Procurement, products and pricing research","Search cancellation and retry","Cancel stops application; rate limits retain existing data","partial","","proof/growth/2026-09-08-az3-pricing-research/README.md","FIRECRAWL; COSTX; PROCORE","no","State: partial. Cancel aborts the request and discards late responses; 429 maps to a retryable rate-limited failure; a seeded price book (1 book, 2 rows) stayed byte-identical across a failed search in the browser (2026-09-08); retry requires a fresh click. Code/proof: [SC-04 pricing research](proof/growth/2026-09-08-az3-pricing-research/README.md). Remaining: live provider behaviour, cancel proven against a real in-flight request."
"P-11","Procurement, products and pricing research","RFQ preparation and comparisons","Supplier offers compare matched scope and exclusions","gap","","","FIRECRAWL; COSTX; PROCORE","no","State: gap (assessed 2026-09-10). Request-for-quotation preparation and offer comparison are not implemented."
"P-12","Procurement, products and pricing research","Purchase orders and approvals","Only approved quantities/rates enter issued orders","gap","","","FIRECRAWL; COSTX; PROCORE","no","State: gap (assessed 2026-09-10). Purchase orders and approvals are not implemented."
"P-13","Procurement, products and pricing research","Lead times, alternates and substitutions","Approved alternative retains original specification and decision","gap","","","FIRECRAWL; COSTX; PROCORE","no","State: gap (assessed 2026-09-10). Lead times, alternates and substitutions are not implemented."
"P-14","Procurement, products and pricing research","Receiving, returns and reconciliation","Ordered, delivered, returned and invoiced quantities reconcile","gap","","","FIRECRAWL; COSTX; PROCORE","no","State: gap (assessed 2026-09-10). Receiving, returns and invoice reconciliation are not implemented."
"Q-01","Quality, checking, compliance and proof","Requirement-to-evidence traceability","Each acceptance item points to exact fixture and output","partial","","","IDS; ETABS; BLUEBEAM","no","State: partial (assessed 2026-09-10). Every assessed row in this register names its code path and its executed test or inspected evidence, and slice records carry commands, results, screenshot paths and fixture digests (walkthrough.md; proof/growth/). Remaining: traceability is maintained by discipline in Markdown rather than enforced by a tool that fails when a row loses its evidence."
"Q-02","Quality, checking, compliance and proof","Smoke tests per delivered change","Actual screen renders with no uncaught runtime failures","partial","","","IDS; ETABS; BLUEBEAM","no","State: partial (assessed 2026-09-10). Every delivered slice runs browser journeys that fail on any uncaught page error, and 1,111 tests across 88 suites with a clean typecheck passed on 2026-09-10. Remaining: smoke coverage is per slice rather than a standing gate over every screen."
"Q-03","Quality, checking, compliance and proof","Screenshot and code-diff proof","Completed UI row has inspected PNG plus matching source diff","verified","scripts/guardrails/hook.mjs","proof/growth/2026-09-09-guardrails/pipe-tests.log","IDS; ETABS; BLUEBEAM","no","State: verified (assessed 2026-09-10). Enforced by harness rather than convention: the repository guardrail hook blocks a completion claim carrying no proof path, and every accepted row in this register cites a code diff plus an executed log or inspected screenshot (`scripts/guardrails/hook.mjs`, `.claude/settings.json`; proof/growth/2026-09-09-guardrails/pipe-tests.log). Reviewed 2026-09-10."
"Q-04","Quality, checking, compliance and proof","Model geometry validation","Invalid solids, overlaps and missing faces are detected and explained","partial","src/studio/architect/geometry.ts","","IDS; ETABS; BLUEBEAM","no","State: partial (assessed 2026-09-10). Geometry validation rejects invalid solids and explains why: overlapping hosted openings, duplicate physical identity, a fillet radius too large for its segments, and cyclic clipping rings from overlapping return walls are each refused with a stated reason (`src/studio/architect/geometry.ts`, `precision.ts`; `architect.test.ts`). Remaining: no general missing-face or manifold check across an imported model."
"Q-05","Quality, checking, compliance and proof","Information requirement checking","Missing required properties fail the selected rule set","gap","","","IDS; ETABS; BLUEBEAM","no","State: gap (assessed 2026-09-10). There is no information-requirement rule set, so missing properties cannot fail a selected standard."
"Q-06","Quality, checking, compliance and proof","Clash and clearance checking","Known hard and clearance clashes are detected without duplicates","gap","","","IDS; ETABS; BLUEBEAM","no","State: gap (assessed 2026-09-10). There is no clash or clearance checking."
"Q-07","Quality, checking, compliance and proof","Drawing/model/quantity consistency","Edit updates all linked outputs or marks them stale","partial","src/studio/construction/quantity.ts; src/studio/architect/materialBridge.ts","","IDS; ETABS; BLUEBEAM","no","State: partial (assessed 2026-09-10). Edits mark dependent outputs stale rather than silently diverging: quantity results are re-verified against their operands and job revision, design material sync invalidates a changed review and retires deleted rows, and dimensions and derived views regenerate from the model (`src/studio/construction/quantity.ts`, `src/studio/architect/materialBridge.ts`). Remaining: sheets and exported documents are not linked to the model revision they were produced from."
"Q-08","Quality, checking, compliance and proof","Engineering benchmark validation","Independent known cases verify results and supported range","gap","","","IDS; ETABS; BLUEBEAM","no","State: gap (assessed 2026-09-10). There is no engineering solver, so there are no results to validate against independent known cases. Recorded with the S category."
"Q-09","Quality, checking, compliance and proof","Jurisdiction and edition register","Every compliance claim identifies applicable published criteria","gap","","","IDS; ETABS; BLUEBEAM","no","State: gap (assessed 2026-09-10). No compliance claim is made anywhere in the product, and no jurisdiction or edition register exists. This row stays a gap deliberately rather than being satisfied by silence."
"Q-10","Quality, checking, compliance and proof","Review and professional sign-off","Checker identity and limitations remain attached to issued result","partial","src/studio/assistant/takeoffTools.ts","","IDS; ETABS; BLUEBEAM","no","State: partial (assessed 2026-09-10). Takeoff evidence is approved for a named person with the approval stamped on the record, and an approval is invalidated when its underlying evidence changes (`src/studio/assistant/takeoffTools.ts`; SC-12 approved a traced run for a named reviewer). Remaining: there is no professional sign-off carrying declared limitations onto an issued output, and without accounts the checker identity is unauthenticated."
"Q-11","Quality, checking, compliance and proof","Evidence integrity and reproducibility","Hashes bind source, app build, fixture and result","partial","","","IDS; ETABS; BLUEBEAM","no","State: partial (assessed 2026-09-10). Evidence is hash-bound end to end: release stages record frozen source, executable and installer digests, fixtures are hashed, and BOM evidence digests are cross-validated (LATEST-VERIFIED-BUILD.md; proof/growth/2026-09-09-az5-release/). Remaining: reproducing a build from its recorded hashes has not been executed."
"Q-12","Quality, checking, compliance and proof","Regression and adversarial tests","Malformed files, cancellations and stale edits preserve data","partial","src/studio/persistence.test.ts; src/studio/priceBooks.ts","","IDS; ETABS; BLUEBEAM","no","State: partial (assessed 2026-09-10). Adversarial regressions are executed rather than described: an unsupported schema preserves the original bytes, stale writers are refused, cancelled requests discard late responses, a tampered DXF refuses stale restore, and spreadsheet formulas are never executed on import (`src/studio/persistence.test.ts`, `architect.test.ts`, `src/studio/priceBooks.ts`). Remaining: coverage is per slice rather than a standing adversarial suite over every store."
"Q-13","Quality, checking, compliance and proof","Release and installed-app verification","Installed binary and packaged resources match tested build","failed","","","IDS; ETABS; BLUEBEAM","no","State: failed (assessed 2026-09-10). Not achieved and not achievable in the current process: every verified build runs from an isolated profile and the normal installed application has never been replaced, and an earlier installation attempt stalled on a running process that would not close. Recorded as failed rather than open because the release pipeline currently has no installed-app verification step at all (LATEST-VERIFIED-BUILD.md; DWG-TODO.md)."
"Q-14","Quality, checking, compliance and proof","Honest capability states","Planned, partial, failed and verified remain visibly distinct","verified","","","IDS; ETABS; BLUEBEAM","no","State: verified (assessed 2026-09-10). This register keeps planned, gap, partial, failed, dependency-blocked and verified visibly distinct, forbids a tick without a code diff plus executed or inspected proof, and states its boundary in each row. Every row was re-assessed against shipping code on 2026-09-10 and stale claims were corrected rather than carried forward."
"R-01","Review, visualization and coordination","Orbit, pan, zoom and fit","Model remains reachable at different scales and aspect ratios","partial","","proof/growth/2026-09-08-07-walkthrough-release/index.html; proof/growth/2026-09-08-09-walkthrough-polish/index.html","ARCHICAD; BCF; BLUEBEAM","no","State: partial. Navigation milestone verified 2026-09-08; full row remains open. Code/proof: [Stage07 scoped results, source diff and executed evidence](proof/growth/2026-09-08-07-walkthrough-release/index.html). Latest bounded milestone: [Stage09 clean plans, boundaries, body reach and release evidence](proof/growth/2026-09-08-09-walkthrough-polish/index.html); full row stays open."
"R-02","Review, visualization and coordination","Walk and fly navigation","Movement direction, collision and floor levels match visible controls","partial","","proof/growth/2026-09-08-07-walkthrough-release/index.html; proof/growth/2026-09-08-09-walkthrough-polish/index.html","ARCHICAD; BCF; BLUEBEAM","no","State: partial. Navigation milestone verified 2026-09-08; full row remains open. Code/proof: [Stage07 scoped results, source diff and executed evidence](proof/growth/2026-09-08-07-walkthrough-release/index.html). Latest bounded milestone: [Stage09 clean plans, boundaries, body reach and release evidence](proof/growth/2026-09-08-09-walkthrough-polish/index.html); full row stays open."
"R-03","Review, visualization and coordination","Section boxes and clipping","Clipped geometry and caps reveal intended interior sections","gap","","","ARCHICAD; BCF; BLUEBEAM","no","State: gap (assessed 2026-09-10). Section cutting produces real plan and section output in the drawing pipeline, but there is no interactive 3D section box or clipping with caps in the viewer, which is what this row requires."
"R-04","Review, visualization and coordination","Visibility by discipline and phase","Saved views reproduce selected object sets","partial","src/studio/architect/designedScene.ts","","ARCHICAD; BCF; BLUEBEAM","no","State: partial (assessed 2026-09-10). Saved views restore camera and display state, and the model viewer separates source reconstructions from a designed model with an explicit status (`src/studio/architect/designedScene.ts`, SC-21). Remaining: there is no visibility control by discipline or phase, so a saved view cannot reproduce a selected object set."
"R-05","Review, visualization and coordination","Source-linked 3D inspection","Picked object opens matching source evidence and assumptions","partial","src/studio/SourceBuildingViewer.tsx","","ARCHICAD; BCF; BLUEBEAM","no","State: partial (assessed 2026-09-10). Picked objects carry source identity and evidence state, a designed scene reports no source identity rather than borrowing a catalogue digest, and every reconstruction object is marked inferred with its own digest (`src/studio/SourceBuildingViewer.tsx`, `designedScene.ts`; SC-21 fix). Remaining: opening the matching source page region from a picked object is not proven by an inspected journey."
"R-06","Review, visualization and coordination","Roof and facade integrity","Gables join roof slopes without floating faces or hidden duplicate surfaces","partial","src/studio/architect/geometry.ts","","ARCHICAD; BCF; BLUEBEAM","no","State: partial (assessed 2026-09-10). Roof planes cover the footprint exactly and bear at the wall elevation, gables join intersecting slopes with host cutouts, and fascia and gutter profiles are mitred with finite volume and disappear cleanly when disabled, all asserted by test (`src/studio/architect/geometry.ts`; `architect.test.ts`). Native visual checks passed in an earlier slice. Remaining: no general duplicate-surface or floating-face detector runs across an arbitrary imported model."
"R-07","Review, visualization and coordination","Materials, lighting and render views","Export matches saved camera and material settings","partial","src/lib/renderAi.server.ts","","ARCHICAD; BCF; BLUEBEAM","no","State: partial (assessed 2026-09-10). Material and weather display settings persist and validate, and an AI real-life view renders from the current camera and appears on the render pane with a caption stating its source link status (`src/lib/renderAi.server.ts`; SC-12 and SC-21 journeys). Remaining: rendering is web-only and the native build refuses it, and export matching a saved camera is not asserted."
"R-08","Review, visualization and coordination","Viewpoint snapshots","Snapshot retains camera, selection, model revision and annotation","partial","","","ARCHICAD; BCF; BLUEBEAM","no","State: partial (assessed 2026-09-10). Snapshots record the camera and require a real source identity, and captures are returned to the assistant as evidence (`capture_workspace_image`, recordModelView). Remaining: selection and annotation are not retained in a snapshot."
"R-09","Review, visualization and coordination","Measurement in 3D","Picked distance reports coordinates and units with known accuracy","gap","","","ARCHICAD; BCF; BLUEBEAM","no","State: gap (assessed 2026-09-10). There is no interactive measurement in the 3D viewer. Measured quantities come from the source-sheet takeoff and the design model, assessed under T rows."
"R-10","Review, visualization and coordination","Markups and threaded issues","Issue preserves author, status, due date and model references","gap","","","ARCHICAD; BCF; BLUEBEAM","no","State: gap (assessed 2026-09-10). Markups and threaded issues in the model are not implemented."
"R-11","Review, visualization and coordination","Design options and comparisons","Alternative model changes are inspectable against baseline","gap","","","ARCHICAD; BCF; BLUEBEAM","no","State: gap (assessed 2026-09-10). Design options and baseline comparison are not implemented."
"R-12","Review, visualization and coordination","Federated model coordination","Different origins, versions and disciplines align explicitly","gap","","","ARCHICAD; BCF; BLUEBEAM","no","State: gap (assessed 2026-09-10). Federated model coordination across origins, versions and disciplines is not implemented."
"R-13","Review, visualization and coordination","Client presentations and approval","Viewer comments bind to the exact presented revision","gap","","","ARCHICAD; BCF; BLUEBEAM","no","State: gap (assessed 2026-09-10). Client presentation with comments bound to a presented revision is not implemented."
"R-14","Review, visualization and coordination","Image/video export and accessibility","Output is legible and controls support keyboard operation","partial","src/studio/shortcuts.ts","","ARCHICAD; BCF; BLUEBEAM","no","State: partial (assessed 2026-09-10). Image export exists through workspace capture and AI render, and the walkthrough and architect surfaces support keyboard operation with reduced-motion handling (`src/studio/shortcuts.ts`; Stage 07 and Stage 09 acceptance). Remaining: video export is limited to recorded QA capture, and no accessibility audit covers the render and review surfaces."
"S-01","Structural and specialist engineering","Analytical model and connectivity","Nodes, releases and offsets reproduce intended load path","gap","","","ETABS; TEDDS; PLAXIS","no","State: gap (assessed 2026-09-10). No structural or specialist engineering solver exists. Structural appears as a sheet discipline and a takeoff category, and the altitude takeoff explicitly records that structural plans, member schedules, sections and connection details are missing source information rather than computed results. Producing geometry or a quantity never constitutes an engineering solution. Recorded as a gap on 2026-09-10 after a code search confirmed the discipline words in the source are labels and categories, not a validated engine. Any future assessment of this category requires a separately validated solver or a licensed adapter, plus qualified review, per this register’s delivery sequence."
"S-02","Structural and specialist engineering","Materials, sections and member libraries","Selected values retain source and design units","gap","","","ETABS; TEDDS; PLAXIS","no","State: gap (assessed 2026-09-10). No structural or specialist engineering solver exists. Structural appears as a sheet discipline and a takeoff category, and the altitude takeoff explicitly records that structural plans, member schedules, sections and connection details are missing source information rather than computed results. Producing geometry or a quantity never constitutes an engineering solution. Recorded as a gap on 2026-09-10 after a code search confirmed the discipline words in the source are labels and categories, not a validated engine. Any future assessment of this category requires a separately validated solver or a licensed adapter, plus qualified review, per this register’s delivery sequence."
"S-03","Structural and specialist engineering","Loads, combinations and mass","Applied load totals and combination factors reconcile","gap","","","ETABS; TEDDS; PLAXIS","no","State: gap (assessed 2026-09-10). No structural or specialist engineering solver exists. Structural appears as a sheet discipline and a takeoff category, and the altitude takeoff explicitly records that structural plans, member schedules, sections and connection details are missing source information rather than computed results. Producing geometry or a quantity never constitutes an engineering solution. Recorded as a gap on 2026-09-10 after a code search confirmed the discipline words in the source are labels and categories, not a validated engine. Any future assessment of this category requires a separately validated solver or a licensed adapter, plus qualified review, per this register’s delivery sequence."
"S-04","Structural and specialist engineering","Linear and second-order analysis","Reference frame forces and displacements match independent results","gap","","","ETABS; TEDDS; PLAXIS","no","State: gap (assessed 2026-09-10). No structural or specialist engineering solver exists. Structural appears as a sheet discipline and a takeoff category, and the altitude takeoff explicitly records that structural plans, member schedules, sections and connection details are missing source information rather than computed results. Producing geometry or a quantity never constitutes an engineering solution. Recorded as a gap on 2026-09-10 after a code search confirmed the discipline words in the source are labels and categories, not a validated engine. Any future assessment of this category requires a separately validated solver or a licensed adapter, plus qualified review, per this register’s delivery sequence."
"S-05","Structural and specialist engineering","Dynamic, seismic and wind studies","Modes, damping and hazard assumptions remain inspectable","gap","","","ETABS; TEDDS; PLAXIS","no","State: gap (assessed 2026-09-10). No structural or specialist engineering solver exists. Structural appears as a sheet discipline and a takeoff category, and the altitude takeoff explicitly records that structural plans, member schedules, sections and connection details are missing source information rather than computed results. Producing geometry or a quantity never constitutes an engineering solution. Recorded as a gap on 2026-09-10 after a code search confirmed the discipline words in the source are labels and categories, not a validated engine. Any future assessment of this category requires a separately validated solver or a licensed adapter, plus qualified review, per this register’s delivery sequence."
"S-06","Structural and specialist engineering","Steel and cold-formed design","Utilization and governing checks match benchmark calculations","gap","","","ETABS; TEDDS; PLAXIS","no","State: gap (assessed 2026-09-10). No structural or specialist engineering solver exists. Structural appears as a sheet discipline and a takeoff category, and the altitude takeoff explicitly records that structural plans, member schedules, sections and connection details are missing source information rather than computed results. Producing geometry or a quantity never constitutes an engineering solution. Recorded as a gap on 2026-09-10 after a code search confirmed the discipline words in the source are labels and categories, not a validated engine. Any future assessment of this category requires a separately validated solver or a licensed adapter, plus qualified review, per this register’s delivery sequence."
"S-07","Structural and specialist engineering","Reinforced and prestressed concrete","Reinforcement, serviceability and detailing remain traceable","gap","","","ETABS; TEDDS; PLAXIS","no","State: gap (assessed 2026-09-10). No structural or specialist engineering solver exists. Structural appears as a sheet discipline and a takeoff category, and the altitude takeoff explicitly records that structural plans, member schedules, sections and connection details are missing source information rather than computed results. Producing geometry or a quantity never constitutes an engineering solution. Recorded as a gap on 2026-09-10 after a code search confirmed the discipline words in the source are labels and categories, not a validated engine. Any future assessment of this category requires a separately validated solver or a licensed adapter, plus qualified review, per this register’s delivery sequence."
"S-08","Structural and specialist engineering","Timber, masonry and composite design","Declared material method and limitations accompany results","gap","","","ETABS; TEDDS; PLAXIS","no","State: gap (assessed 2026-09-10). No structural or specialist engineering solver exists. Structural appears as a sheet discipline and a takeoff category, and the altitude takeoff explicitly records that structural plans, member schedules, sections and connection details are missing source information rather than computed results. Producing geometry or a quantity never constitutes an engineering solution. Recorded as a gap on 2026-09-10 after a code search confirmed the discipline words in the source are labels and categories, not a validated engine. Any future assessment of this category requires a separately validated solver or a licensed adapter, plus qualified review, per this register’s delivery sequence."
"S-09","Structural and specialist engineering","Connections, base plates and anchors","Connection forces link to verified member/load case","gap","","","ETABS; TEDDS; PLAXIS","no","State: gap (assessed 2026-09-10). No structural or specialist engineering solver exists. Structural appears as a sheet discipline and a takeoff category, and the altitude takeoff explicitly records that structural plans, member schedules, sections and connection details are missing source information rather than computed results. Producing geometry or a quantity never constitutes an engineering solution. Recorded as a gap on 2026-09-10 after a code search confirmed the discipline words in the source are labels and categories, not a validated engine. Any future assessment of this category requires a separately validated solver or a licensed adapter, plus qualified review, per this register’s delivery sequence."
"S-10","Structural and specialist engineering","Foundations and soil interaction","Bearing, settlement and pile assumptions match geotechnical inputs","gap","","","ETABS; TEDDS; PLAXIS","no","State: gap (assessed 2026-09-10). No structural or specialist engineering solver exists. Structural appears as a sheet discipline and a takeoff category, and the altitude takeoff explicitly records that structural plans, member schedules, sections and connection details are missing source information rather than computed results. Producing geometry or a quantity never constitutes an engineering solution. Recorded as a gap on 2026-09-10 after a code search confirmed the discipline words in the source are labels and categories, not a validated engine. Any future assessment of this category requires a separately validated solver or a licensed adapter, plus qualified review, per this register’s delivery sequence."
"S-11","Structural and specialist engineering","Retaining structures and excavations","Stages and groundwater conditions bind each result","gap","","","ETABS; TEDDS; PLAXIS","no","State: gap (assessed 2026-09-10). No structural or specialist engineering solver exists. Structural appears as a sheet discipline and a takeoff category, and the altitude takeoff explicitly records that structural plans, member schedules, sections and connection details are missing source information rather than computed results. Producing geometry or a quantity never constitutes an engineering solution. Recorded as a gap on 2026-09-10 after a code search confirmed the discipline words in the source are labels and categories, not a validated engine. Any future assessment of this category requires a separately validated solver or a licensed adapter, plus qualified review, per this register’s delivery sequence."
"S-12","Structural and specialist engineering","Bridges, tanks, towers and specialty assets","Selected solver scope explicitly supports the asset type","gap","","","ETABS; TEDDS; PLAXIS","no","State: gap (assessed 2026-09-10). No structural or specialist engineering solver exists. Structural appears as a sheet discipline and a takeoff category, and the altitude takeoff explicitly records that structural plans, member schedules, sections and connection details are missing source information rather than computed results. Producing geometry or a quantity never constitutes an engineering solution. Recorded as a gap on 2026-09-10 after a code search confirmed the discipline words in the source are labels and categories, not a validated engine. Any future assessment of this category requires a separately validated solver or a licensed adapter, plus qualified review, per this register’s delivery sequence."
"S-13","Structural and specialist engineering","Fabrication detailing and reinforcement schedules","Marks, quantities and geometry reconcile issued drawings","gap","","","ETABS; TEDDS; PLAXIS","no","State: gap (assessed 2026-09-10). No structural or specialist engineering solver exists. Structural appears as a sheet discipline and a takeoff category, and the altitude takeoff explicitly records that structural plans, member schedules, sections and connection details are missing source information rather than computed results. Producing geometry or a quantity never constitutes an engineering solution. Recorded as a gap on 2026-09-10 after a code search confirmed the discipline words in the source are labels and categories, not a validated engine. Any future assessment of this category requires a separately validated solver or a licensed adapter, plus qualified review, per this register’s delivery sequence."
"S-14","Structural and specialist engineering","Calculation reports and check signatures","Inputs, equations, units, solver version and reviewer are retained","gap","","","ETABS; TEDDS; PLAXIS","no","State: gap (assessed 2026-09-10). No structural or specialist engineering solver exists. Structural appears as a sheet discipline and a takeoff category, and the altitude takeoff explicitly records that structural plans, member schedules, sections and connection details are missing source information rather than computed results. Producing geometry or a quantity never constitutes an engineering solution. Recorded as a gap on 2026-09-10 after a code search confirmed the discipline words in the source are labels and categories, not a validated engine. Any future assessment of this category requires a separately validated solver or a licensed adapter, plus qualified review, per this register’s delivery sequence."
"T-01","Takeoff, measurement and quantities","Scale calibration per sheet","Known distance measures correctly after rotation and reload","partial","src/studio/calibration.ts","","COSTX; BLUEBEAM; TRIMBLE","no","State: partial (assessed 2026-09-10). Per-sheet calibration converts every supported input unit to metres, round-trips points through a rotated, scaled and translated transform, and is stored per page with duplicate page records rejected and version-1 records migrated (`src/studio/calibration.ts`; `calibration.test.ts`). Remaining: measurement after a deliberate sheet rotation and reload is asserted at transform level, not through an inspected UI journey."
"T-02","Takeoff, measurement and quantities","Separate axes and distorted scans","Calibration records anisotropy or blocks unsupported measurement","partial","src/studio/calibration.ts","","COSTX; BLUEBEAM; TRIMBLE","no","State: partial (assessed 2026-09-10). Calibration refuses zero-length points, singular transforms and inconsistent converted distances, and records declared, inferred and manual provenance with conflict detection that is independent of candidate order and requires explicit resolution (`src/studio/calibration.ts` reconcileCalibrationCandidates). Remaining: anisotropic separately scaled axes are not represented, so distorted scans are refused rather than measured."
"T-03","Takeoff, measurement and quantities","Lengths, perimeters and counts","Totals match independently measured fixture values","partial","src/studio/tracing.ts; src/studio/store.ts","","COSTX; BLUEBEAM; TRIMBLE","no","State: partial (assessed 2026-09-10). Length, area, count and sketch measurements exist with tracing runs, gates and topology validation (`src/studio/tracing.ts`, `src/studio/store.ts`; tracing suites pass 2026-09-10). The SC-12 journey traced a run at 5.000 m against a locked 5 m calibration. Remaining: totals are not reconciled against an independently measured fixture across a whole sheet set."
"T-04","Takeoff, measurement and quantities","Areas, holes and net deductions","Openings subtract once and self-intersections are rejected","partial","src/studio/architect/geometry.ts","","COSTX; BLUEBEAM; TRIMBLE","no","State: partial (assessed 2026-09-10). Area measurement subtracts openings through real polygon boolean geometry, and the architect model proves an opening removes exact material volume once, a T intersection is a union rather than a sum, and overlapping or duplicate hosted openings are rejected (`src/studio/architect/geometry.ts`; `architect.test.ts`). Remaining: net deduction is proven in the design model, not for user-drawn takeoff polygons with holes on a source sheet."
"T-05","Takeoff, measurement and quantities","Volumes, slopes and elevations","3D quantity basis distinguishes projected from actual surface","partial","src/studio/construction/quantity.ts","","COSTX; BLUEBEAM; TRIMBLE","no","State: partial (assessed 2026-09-10). Volume carries an explicit basis: the area-depth method names its calibration and every depth evidence id, and results are re-verified against their operands and job revision so a stale snapshot is refused (`src/studio/construction/quantity.ts`). Remaining: projected versus actual sloped surface area is not distinguished, which is the substance of this row."
"T-06","Takeoff, measurement and quantities","Trade and work-package classification","Reclassification updates totals without duplicate measurements","gap","","","COSTX; BLUEBEAM; TRIMBLE","no","State: gap (assessed 2026-09-10). Quantities group by trade only. There is no work-package or standard classification such as NRM, Uniclass or CSI, and therefore no reclassification behaviour to assess."
"T-07","Takeoff, measurement and quantities","Assembly breakdowns","Element quantity decomposes into explicit materials and assumptions","partial","src/studio/architect/materialBridge.ts","","COSTX; BLUEBEAM; TRIMBLE","no","State: partial (assessed 2026-09-10). Element quantities decompose into material rows with declared density, rate revision and waste, and design material sync is idempotent, preserves physical rows, invalidates a changed review and retires deletions (`src/studio/architect/materialBridge.ts`; `architect.test.ts`). Remaining: assumptions are recorded per material rather than presented as a reviewable assembly breakdown."
"T-08","Takeoff, measurement and quantities","Duplicate detection and exclusions","Overlapping takeoffs are reviewable before totaling","gap","","","COSTX; BLUEBEAM; TRIMBLE","no","State: gap (assessed 2026-09-10). Overlapping takeoffs are not detected or presented for review before totalling."
"T-09","Takeoff, measurement and quantities","Revision quantity comparison","Additions, removals and changed quantities reconcile prior issue","gap","","","COSTX; BLUEBEAM; TRIMBLE","no","State: gap (assessed 2026-09-10). There is no revision comparison that reconciles additions, removals and changed quantities against a prior issue."
"T-10","Takeoff, measurement and quantities","Measurement source links","Each quantity opens exact page, region and source revision","partial","src/studio/bomContract.ts","","COSTX; BLUEBEAM; TRIMBLE","no","State: partial (assessed 2026-09-10). Every calculation operand requires at least one evidence reference, and document, calibration and photo evidence identity and digests are cross-validated (`src/studio/bomContract.ts`; BOM suites pass 2026-09-10). Remaining: opening the exact page region from a quantity is not proven by an inspected journey."
"T-11","Takeoff, measurement and quantities","Stock lengths, packs and wastage","Purchased quantities remain distinct from net measured demand","partial","src/studio/architect/geometry.ts","","COSTX; BLUEBEAM; TRIMBLE","no","State: partial (assessed 2026-09-10). Waste is applied as a percentage that produces an order quantity distinct from net measured demand on architect wall layers (`src/studio/architect/geometry.ts`; `architect.test.ts` quantity and cost use net geometry, explicit density, rate revision and waste). Remaining: stock lengths and pack sizes are not modelled, and waste is unavailable on source-sheet takeoff markups."
"T-12","Takeoff, measurement and quantities","Manual, model and AI quantity provenance","User can distinguish and review each quantity origin","partial","","","COSTX; BLUEBEAM; TRIMBLE","no","State: partial (assessed 2026-09-10). Provenance is enforced rather than optional: calibration candidates carry method, evidence and document id, and a candidate with empty evidence is rejected by test. Assistant-created measurements carry tool receipts bound to a revision (SC-12). Remaining: manual, model and AI origins are not surfaced as a single reviewable distinction in the interface."
"T-13","Takeoff, measurement and quantities","Reconciliation and audit exports","Summary totals reproduce detailed rows with units and rounding","partial","src/studio/priceBooks.ts","","COSTX; BLUEBEAM; TRIMBLE","no","State: partial (assessed 2026-09-10). Money totals are summed in integer minor units grouped by currency, tax basis and decimal places, so summary figures reproduce their rows without floating-point drift, and CSV export escapes formula-leading cells (`src/studio/priceBooks.ts`). Remaining: a reconciliation export that reproduces detailed rows with units and declared rounding is not implemented."
"T-14","Takeoff, measurement and quantities","Bulk edit, undo and recovery","Batch operation restores all affected quantities and associations","gap","","","COSTX; BLUEBEAM; TRIMBLE","no","State: gap (assessed 2026-09-10). There is no batch edit over quantities, and therefore no batch undo or recovery of affected associations."
"U-01","Usability, performance and everyday flexibility","Role-specific workspace presets","Architect and estimator get useful tools without separate data copies","partial","src/studio/WorkspaceRails.tsx","","BLUEBEAM; ACAD","no","State: partial (assessed 2026-09-10). Workspaces separate architect, source, model, sheets, pricing and render surfaces over one shared project record, so no role requires a separate data copy (`src/studio/WorkspaceRails.tsx`). Remaining: there are no role presets, and without accounts a role cannot be selected."
"U-02","Usability, performance and everyday flexibility","Search, command palette and shortcuts","Common commands work from keyboard and show discoverable labels","partial","","proof/growth/2026-09-08-07-walkthrough-release/index.html; proof/growth/2026-09-08-09-walkthrough-polish/index.html","BLUEBEAM; ACAD","no","State: partial. Navigation milestone verified 2026-09-08; full row remains open. Code/proof: [Stage07 scoped results, source diff and executed evidence](proof/growth/2026-09-08-07-walkthrough-release/index.html). Latest bounded milestone: [Stage09 clean plans, boundaries, body reach and release evidence](proof/growth/2026-09-08-09-walkthrough-polish/index.html); full row stays open."
"U-03","Usability, performance and everyday flexibility","Resizable panels and saved layouts","Layout restores on the user's monitor without hiding actions","partial","src/studio/assistant/panelCorners.ts","","BLUEBEAM; ACAD","no","State: partial (assessed 2026-09-10). Panels resize and persist: the assistant panel resizes from four corners and can dock into the right rail, the Magic Pencil dock is draggable and clamped back into view on resize, and top menu rows resize with saved layout (`src/studio/assistant/panelCorners.ts`, `draftsmanDockPosition.ts`, `assistantRailMode.ts`; SC-07, SC-14, SC-18). Remaining: layouts are per browser profile and no multi-monitor case is covered."
"U-04","Usability, performance and everyday flexibility","Large plan/model navigation","Representative heavy fixture meets recorded load and interaction budget","partial","","","BLUEBEAM; ACAD","no","State: partial (assessed 2026-09-10). Heavy fixtures are exercised in practice: a 13-page source set, a 1,180-part model, a 500 MB attachment path and a 66-wall generated design with 60 windows all load and save (SC-10, SC-17, large-files verification). Remaining: no recorded load and interaction budget exists, so there is no threshold to pass or fail against."
"U-05","Usability, performance and everyday flexibility","Accessible focus, contrast and labels","Core workflow is usable without pointer or color alone","partial","","proof/growth/2026-09-08-07-walkthrough-release/index.html; proof/growth/2026-09-08-09-walkthrough-polish/index.html","BLUEBEAM; ACAD","no","State: partial. Navigation milestone verified 2026-09-08; full row remains open. Code/proof: [Stage07 scoped results, source diff and executed evidence](proof/growth/2026-09-08-07-walkthrough-release/index.html). Latest bounded milestone: [Stage09 clean plans, boundaries, body reach and release evidence](proof/growth/2026-09-08-09-walkthrough-polish/index.html); full row stays open."
"U-06","Usability, performance and everyday flexibility","Touch and small-screen field use","Critical actions remain reachable without horizontal clipping","partial","","proof/growth/2026-09-08-07-walkthrough-release/index.html; proof/growth/2026-09-08-09-walkthrough-polish/index.html","BLUEBEAM; ACAD","no","State: partial. Navigation milestone verified 2026-09-08; full row remains open. Code/proof: [Stage07 scoped results, source diff and executed evidence](proof/growth/2026-09-08-07-walkthrough-release/index.html). Latest bounded milestone: [Stage09 clean plans, boundaries, body reach and release evidence](proof/growth/2026-09-08-09-walkthrough-polish/index.html); full row stays open."
"U-07","Usability, performance and everyday flexibility","Multi-monitor and high-DPI desktop","Dialogs and text remain visible at tested scaling levels","gap","","","BLUEBEAM; ACAD","no","State: gap (assessed 2026-09-10). Multi-monitor and high-DPI scaling have not been tested and no scaling levels are declared."
"U-08","Usability, performance and everyday flexibility","Progress, cancellation and background jobs","Long operation shows honest status and can be stopped","partial","src/studio/assistant/useAssistantChat.ts; src/lib/pricingResearch.server.ts","","BLUEBEAM; ACAD","no","State: partial (assessed 2026-09-10). Long assistant operations show honest status and can be stopped, with a stop preserving completed tool receipts and denying a pending permission prompt, and provider requests abort and discard late responses (`src/studio/assistant/useAssistantChat.ts`, `src/lib/pricingResearch.server.ts`). Remaining: import, export and build operations do not report progress or support cancellation uniformly."
"U-09","Usability, performance and everyday flexibility","Useful validation and empty states","User can recover from invalid input without losing edits","partial","","proof/growth/2026-09-08-07-walkthrough-release/index.html; proof/growth/2026-09-08-09-walkthrough-polish/index.html","BLUEBEAM; ACAD","no","State: partial. Navigation milestone verified 2026-09-08; full row remains open. Code/proof: [Stage07 scoped results, source diff and executed evidence](proof/growth/2026-09-08-07-walkthrough-release/index.html). Latest bounded milestone: [Stage09 clean plans, boundaries, body reach and release evidence](proof/growth/2026-09-08-09-walkthrough-polish/index.html); full row stays open."
"U-10","Usability, performance and everyday flexibility","Bulk operations and multi-selection","Preview clearly reports affected items before applying changes","gap","","","BLUEBEAM; ACAD","no","State: gap (assessed 2026-09-10). There is no multi-selection or bulk operation, so no affected-items preview exists. Related absence is recorded at C-07 and T-14."
"U-11","Usability, performance and everyday flexibility","Per-user preferences and units","Preference changes do not reinterpret existing geometry","partial","","","BLUEBEAM; ACAD","no","State: partial (assessed 2026-09-10). Preferences are validated and migrated rather than trusted, and legacy appearance settings migrate while malformed values are refused without corrupting stored settings (appearance and menu preference suites pass 2026-09-10). Units are fixed to millimetres, so a preference change cannot reinterpret geometry. Remaining: there is no per-user unit choice to test against."
"U-12","Usability, performance and everyday flexibility","Localization and terminology","Industry-specific terms do not change underlying data meaning","gap","","","BLUEBEAM; ACAD","no","State: gap (assessed 2026-09-10). There is no localisation or terminology mapping."
"U-13","Usability, performance and everyday flexibility","Onboarding and sample isolation","Sample work cannot be mistaken for the user's source project","partial","src/studio/assistant/workbenchStructure.ts","","BLUEBEAM; ACAD","no","State: partial (assessed 2026-09-10). Sample and demonstration data are firewalled from verified output: sample sources are flagged, the assistant reports origin and sample status when reading a building, and fixture data is barred from verified price and quote outputs (`src/studio/assistant/workbenchStructure.ts`, `read_source_building` origin and sample fields). Remaining: there is no onboarding flow, and the separation is proven in tool contracts rather than an inspected journey."
"U-14","Usability, performance and everyday flexibility","Support diagnostics and recovery guidance","Export omits secrets and includes reproducible failure context","gap","","","BLUEBEAM; ACAD","no","State: gap (assessed 2026-09-10). There is no support diagnostic export, so secret omission and reproducible failure context cannot be assessed."
"V-01","Versioning, collaboration and staff handoff","Named project versions","Saved milestone reopens exact drawing, sources and commercial state","partial","src/studio/architect/model.ts","","BIMCLOUD; BCF; ACONEX; FORMA","no","State: partial (assessed 2026-09-10). Project and design revisions increment only on a real structural change, a no-op keeps the revision, and stale writes are refused against the last loaded bytes (`src/studio/architect/model.ts` revise; `architect.test.ts`). Remaining: there is no browsable version history to restore from."
"V-02","Versioning, collaboration and staff handoff","Change comparisons","Reviewer can inspect changed objects, quantities, documents and rates","gap","","","BIMCLOUD; BCF; ACONEX; FORMA","no","State: gap (assessed 2026-09-10). There is no change comparison across objects, quantities, documents and rates."
"V-03","Versioning, collaboration and staff handoff","Staff handoff package","Fresh recipient profile restores complete reviewed project context","partial","src/studio/workspaceRestoreStorage.ts","proof/growth/2026-09-11-restore/README.md","BIMCLOUD; BCF; ACONEX; FORMA","no","State: partial (reviewed 2026-09-11). A transferred v2 package now restores source-linked saved work into a fresh isolated browser context, with a recovery copy and protected original insertion. Code: src/studio/workspaceRestoreStorage.ts. Proof: proof/growth/2026-09-11-restore/README.md. Remaining: full reviewed-context fixture coverage, explicitly excluded assistant/runtime context and actual named-recipient acceptance; no external delivery was performed."
"V-04","Versioning, collaboration and staff handoff","Selective package content","Private rates and unrelated documents are excluded by review","gap","","","BIMCLOUD; BCF; ACONEX; FORMA","no","State: gap (assessed 2026-09-10). Package content cannot be selected or reviewed for exclusion, so private rates cannot be withheld."
"V-05","Versioning, collaboration and staff handoff","Recipient and distribution list","Intended staff and access level are visible before sending","dependency-blocked","src/studio/crmBridge.ts","","BIMCLOUD; BCF; ACONEX; FORMA","no","State: dependency-blocked (assessed 2026-09-10). The external handoff bridge returns an explicit unavailable result by design and no recipient or access level can be chosen (`src/studio/crmBridge.ts`). Blocked on an account service and an authenticated transport."
"V-06","Versioning, collaboration and staff handoff","Transmittals and receipts","Sent status requires durable receipt rather than button click","dependency-blocked","","","BIMCLOUD; BCF; ACONEX; FORMA","no","State: dependency-blocked (assessed 2026-09-10). Nothing is sent, so no durable receipt exists. The bridge reports unavailable rather than implying delivery, which is the honest state but not a pass."
"V-07","Versioning, collaboration and staff handoff","Download links and expiry","Revoked or expired link cannot fetch protected documents","dependency-blocked","","","BIMCLOUD; BCF; ACONEX; FORMA","no","State: dependency-blocked (assessed 2026-09-10). There are no download links, expiry or revocation."
"V-08","Versioning, collaboration and staff handoff","Assignments and notifications","Task owner receives only relevant authorized information","gap","","","BIMCLOUD; BCF; ACONEX; FORMA","no","State: gap (assessed 2026-09-10). Assignments and notifications are not implemented."
"V-09","Versioning, collaboration and staff handoff","Comments and review decisions","Replies retain authorship and referenced revision","gap","","","BIMCLOUD; BCF; ACONEX; FORMA","no","State: gap (assessed 2026-09-10). Comments and review decisions are not implemented."
"V-10","Versioning, collaboration and staff handoff","Checkout/reservation and live collaboration","Concurrent edits resolve without silent last-writer loss","partial","src/studio/store.ts","","BIMCLOUD; BCF; ACONEX; FORMA","no","State: partial (assessed 2026-09-10). Concurrent editing is handled by refusal rather than merging: a stale writer is blocked, another window marks the workspace stale and pauses silent autosave, and a reload recovers the newer revision (`src/studio/store.ts`, `persistence.ts`; SC-02). Remaining: there is no checkout, reservation or live collaboration, and the native two-window case is not drivable through the test harness."
"V-11","Versioning, collaboration and staff handoff","Merge and conflict review","Both versions remain recoverable until explicit resolution","gap","","","BIMCLOUD; BCF; ACONEX; FORMA","no","State: gap (assessed 2026-09-10). There is no merge or conflict review. A refused stale write preserves the stored copy but discards nothing of the rejected edit into a recoverable form."
"V-12","Versioning, collaboration and staff handoff","Approval stages and issued status","Work-in-progress cannot appear as approved construction issue","gap","","","BIMCLOUD; BCF; ACONEX; FORMA","no","State: gap (assessed 2026-09-10). There are no approval stages or issued status, so work in progress cannot be distinguished from a construction issue."
"V-13","Versioning, collaboration and staff handoff","External consultant exchanges","Returned package reconciles identity and reported differences","gap","","","BIMCLOUD; BCF; ACONEX; FORMA","no","State: gap (assessed 2026-09-10). External consultant exchange and reconciliation are not implemented."
"V-14","Versioning, collaboration and staff handoff","Organization boundaries and activity logs","Cross-company sharing exposes only authorized content","dependency-blocked","","","BIMCLOUD; BCF; ACONEX; FORMA","no","State: dependency-blocked (assessed 2026-09-10). No account service is selected and authentication ships disabled by default, so this row cannot be assessed. There are no organisation boundaries or activity logs."
"W-01","Whole-life performance, sustainability and risk","Energy modeling exchange","Geometry, zones and envelope properties reconcile source model","gap","","","IES; LCA; LCC","no","State: gap (assessed 2026-09-10). No whole-life performance, sustainability or risk engine exists. There is no energy, carbon, durability or risk model; lifecycle words refer to document and project lifecycles. Recorded as a gap on 2026-09-10 after a code search confirmed the discipline words in the source are labels and categories, not a validated engine. Any future assessment of this category requires a separately validated solver or a licensed adapter, plus qualified review, per this register’s delivery sequence."
"W-02","Whole-life performance, sustainability and risk","Thermal and operational simulation","Weather, occupancy and plant assumptions reproduce benchmark","gap","","","IES; LCA; LCC","no","State: gap (assessed 2026-09-10). No whole-life performance, sustainability or risk engine exists. There is no energy, carbon, durability or risk model; lifecycle words refer to document and project lifecycles. Recorded as a gap on 2026-09-10 after a code search confirmed the discipline words in the source are labels and categories, not a validated engine. Any future assessment of this category requires a separately validated solver or a licensed adapter, plus qualified review, per this register’s delivery sequence."
"W-03","Whole-life performance, sustainability and risk","Daylight, glare and solar studies","Location, time and optical assumptions are recorded","gap","","","IES; LCA; LCC","no","State: gap (assessed 2026-09-10). No whole-life performance, sustainability or risk engine exists. There is no energy, carbon, durability or risk model; lifecycle words refer to document and project lifecycles. Recorded as a gap on 2026-09-10 after a code search confirmed the discipline words in the source are labels and categories, not a validated engine. Any future assessment of this category requires a separately validated solver or a licensed adapter, plus qualified review, per this register’s delivery sequence."
"W-04","Whole-life performance, sustainability and risk","Natural ventilation and airflow","Openings and boundary conditions match checked scenario","gap","","","IES; LCA; LCC","no","State: gap (assessed 2026-09-10). No whole-life performance, sustainability or risk engine exists. There is no energy, carbon, durability or risk model; lifecycle words refer to document and project lifecycles. Recorded as a gap on 2026-09-10 after a code search confirmed the discipline words in the source are labels and categories, not a validated engine. Any future assessment of this category requires a separately validated solver or a licensed adapter, plus qualified review, per this register’s delivery sequence."
"W-05","Whole-life performance, sustainability and risk","Acoustic and vibration assessments","Declared model and frequency range accompany predictions","gap","","","IES; LCA; LCC","no","State: gap (assessed 2026-09-10). No whole-life performance, sustainability or risk engine exists. There is no energy, carbon, durability or risk model; lifecycle words refer to document and project lifecycles. Recorded as a gap on 2026-09-10 after a code search confirmed the discipline words in the source are labels and categories, not a validated engine. Any future assessment of this category requires a separately validated solver or a licensed adapter, plus qualified review, per this register’s delivery sequence."
"W-06","Whole-life performance, sustainability and risk","Embodied carbon and EPD mapping","Material quantities map to sourced factors and declared life stages","gap","","","IES; LCA; LCC","no","State: gap (assessed 2026-09-10). No whole-life performance, sustainability or risk engine exists. There is no energy, carbon, durability or risk model; lifecycle words refer to document and project lifecycles. Recorded as a gap on 2026-09-10 after a code search confirmed the discipline words in the source are labels and categories, not a validated engine. Any future assessment of this category requires a separately validated solver or a licensed adapter, plus qualified review, per this register’s delivery sequence."
"W-07","Whole-life performance, sustainability and risk","Lifecycle cost comparison","Discount, replacement and maintenance assumptions remain explicit","gap","","","IES; LCA; LCC","no","State: gap (assessed 2026-09-10). No whole-life performance, sustainability or risk engine exists. There is no energy, carbon, durability or risk model; lifecycle words refer to document and project lifecycles. Recorded as a gap on 2026-09-10 after a code search confirmed the discipline words in the source are labels and categories, not a validated engine. Any future assessment of this category requires a separately validated solver or a licensed adapter, plus qualified review, per this register’s delivery sequence."
"W-08","Whole-life performance, sustainability and risk","Circularity and material reuse","Reuse options retain recoverability and quality assumptions","gap","","","IES; LCA; LCC","no","State: gap (assessed 2026-09-10). No whole-life performance, sustainability or risk engine exists. There is no energy, carbon, durability or risk model; lifecycle words refer to document and project lifecycles. Recorded as a gap on 2026-09-10 after a code search confirmed the discipline words in the source are labels and categories, not a validated engine. Any future assessment of this category requires a separately validated solver or a licensed adapter, plus qualified review, per this register’s delivery sequence."
"W-09","Whole-life performance, sustainability and risk","Water consumption and reuse","Demand, supply and treatment assumptions balance","gap","","","IES; LCA; LCC","no","State: gap (assessed 2026-09-10). No whole-life performance, sustainability or risk engine exists. There is no energy, carbon, durability or risk model; lifecycle words refer to document and project lifecycles. Recorded as a gap on 2026-09-10 after a code search confirmed the discipline words in the source are labels and categories, not a validated engine. Any future assessment of this category requires a separately validated solver or a licensed adapter, plus qualified review, per this register’s delivery sequence."
"W-10","Whole-life performance, sustainability and risk","Climate and resilience scenarios","Scenario source and time horizon bind results","gap","","","IES; LCA; LCC","no","State: gap (assessed 2026-09-10). No whole-life performance, sustainability or risk engine exists. There is no energy, carbon, durability or risk model; lifecycle words refer to document and project lifecycles. Recorded as a gap on 2026-09-10 after a code search confirmed the discipline words in the source are labels and categories, not a validated engine. Any future assessment of this category requires a separately validated solver or a licensed adapter, plus qualified review, per this register’s delivery sequence."
"W-11","Whole-life performance, sustainability and risk","Design risk register","Risk links to owner, mitigation and unresolved assumptions","gap","","","IES; LCA; LCC","no","State: gap (assessed 2026-09-10). No whole-life performance, sustainability or risk engine exists. There is no energy, carbon, durability or risk model; lifecycle words refer to document and project lifecycles. Recorded as a gap on 2026-09-10 after a code search confirmed the discipline words in the source are labels and categories, not a validated engine. Any future assessment of this category requires a separately validated solver or a licensed adapter, plus qualified review, per this register’s delivery sequence."
"W-12","Whole-life performance, sustainability and risk","Hazard and emergency planning","Evacuation/access proposals remain linked to professional review","gap","","","IES; LCA; LCC","no","State: gap (assessed 2026-09-10). No whole-life performance, sustainability or risk engine exists. There is no energy, carbon, durability or risk model; lifecycle words refer to document and project lifecycles. Recorded as a gap on 2026-09-10 after a code search confirmed the discipline words in the source are labels and categories, not a validated engine. Any future assessment of this category requires a separately validated solver or a licensed adapter, plus qualified review, per this register’s delivery sequence."
"W-13","Whole-life performance, sustainability and risk","Performance targets and dashboards","Targets compare with attributable measured/calculated results","gap","","","IES; LCA; LCC","no","State: gap (assessed 2026-09-10). No whole-life performance, sustainability or risk engine exists. There is no energy, carbon, durability or risk model; lifecycle words refer to document and project lifecycles. Recorded as a gap on 2026-09-10 after a code search confirmed the discipline words in the source are labels and categories, not a validated engine. Any future assessment of this category requires a separately validated solver or a licensed adapter, plus qualified review, per this register’s delivery sequence."
"W-14","Whole-life performance, sustainability and risk","As-designed versus in-use review","Operational evidence compares against matching model revision","gap","","","IES; LCA; LCC","no","State: gap (assessed 2026-09-10). No whole-life performance, sustainability or risk engine exists. There is no energy, carbon, durability or risk model; lifecycle words refer to document and project lifecycles. Recorded as a gap on 2026-09-10 after a code search confirmed the discipline words in the source are labels and categories, not a validated engine. Any future assessment of this category requires a separately validated solver or a licensed adapter, plus qualified review, per this register’s delivery sequence."
"X-01","Extensibility, automation and AI assistance","Plugin and adapter boundaries","Extension failure cannot corrupt the project store","gap","","","FIRECRAWL; IDS; AVEVA","no","State: gap (assessed 2026-09-10). There is no plugin or adapter boundary, so extension isolation cannot be assessed. The nearest boundary is the native CAD engine subprocess, which is a bundled component rather than a third-party extension."
"X-02","Extensibility, automation and AI assistance","Versioned data schema","Unsupported schema is rejected with original bytes preserved","partial","src/studio/persistence.ts","","FIRECRAWL; IDS; AVEVA","no","State: partial (assessed 2026-09-10). An unsupported project schema version fails closed with a stated expected version and returns the original stored bytes untouched, while a supported legacy version migrates forward, both asserted by test (`src/studio/persistence.ts`; `persistence.test.ts` fails closed for an unknown schema version). The architect store separately proves a future schema cannot be bypassed by ordinary edits. Remaining: no inspected screenshot of the user-facing refusal."
"X-03","Extensibility, automation and AI assistance","Custom workflows and forms","Organization can add fields and stages without source-code edits","gap","","","FIRECRAWL; IDS; AVEVA","no","State: gap (assessed 2026-09-10). Custom workflows and forms cannot be defined without source changes."
"X-04","Extensibility, automation and AI assistance","Rules and calculation extensions","Execution is bounded and results identify rule version","gap","","","FIRECRAWL; IDS; AVEVA","no","State: gap (assessed 2026-09-10). There is no user-supplied rule or calculation extension, so bounded execution and rule versioning cannot be assessed."
"X-05","Extensibility, automation and AI assistance","Batch processing queue","Jobs are resumable, cancellable and individually diagnosed","gap","","","FIRECRAWL; IDS; AVEVA","no","State: gap (assessed 2026-09-10). There is no batch processing queue with resumable, cancellable, individually diagnosed jobs. Individual long operations are assessed under U-08."
"X-06","Extensibility, automation and AI assistance","AI extraction from source plans","Suggested object retains exact source region and uncertainty","partial","src/studio/architect/layoutAi.ts","","FIRECRAWL; IDS; AVEVA","no","State: partial (assessed 2026-09-10). AI proposals are validated before they touch the design, with bounds, room closure and hosted-door checks and review-time revision binding, so a proposal built against an older revision is refused (`src/studio/architect/layoutAi.ts`; `architect.test.ts`). Remaining: extraction from a source plan does not retain an exact source region or an uncertainty value, which is the substance of this row."
"X-07","Extensibility, automation and AI assistance","AI layout/design proposals","Proposal is separately reviewable before modifying authored design","partial","src/studio/assistant/permissions.ts","","FIRECRAWL; IDS; AVEVA","no","State: partial (assessed 2026-09-10). Proposals cannot silently modify the authored design: validation runs first, the permission mode governs whether an edit executes, and a refusal is returned to the model as a tool error it can read (`src/studio/assistant/permissions.ts`, `useAssistantChat.ts`; permission suite passes 2026-09-10). Remaining: no side-by-side proposal preview before acceptance."
"X-08","Extensibility, automation and AI assistance","Voice and natural-language actions","Intended edit is understandable and reversible","partial","","","FIRECRAWL; IDS; AVEVA","no","State: partial (assessed 2026-09-10). Natural-language actions map to real tools with plain-word intents that never expose raw JSON, and every design edit is undoable through the same history as a manual edit; live journeys drew, edited and undid geometry by entity identifier (SC-08, SC-12, SC-15). Remaining: voice input does not conduct an autonomous conversation."
"X-09","Extensibility, automation and AI assistance","AI pricing research assistant","Source evidence accompanies suggested supplier match and rate","dependency-blocked","","","FIRECRAWL; IDS; AVEVA","no","State: dependency-blocked (assessed 2026-09-10). The assistant can read price books and import a pasted price book with recorded provenance, but it cannot research a supplier rate because the search credential is not configured and no application path exists (P-03, P-08). Blocked on the same dependency."
"X-10","Extensibility, automation and AI assistance","Tool permission and secret boundaries","AI cannot reveal keys or issue unapproved external mutations","partial","src/studio/assistant/permissions.ts","","FIRECRAWL; IDS; AVEVA","no","State: partial (assessed 2026-09-10). Provider keys are read only inside server modules under `src/lib/*.server.ts` and never reach browser code, and unapproved external mutation is blocked by the permission gate: in ask mode no edit tool runs until the user allows it, and a stop denies the pending prompt (`src/studio/assistant/permissions.ts`, 36 tests pass 2026-09-10). Remaining: no adversarial attempt to extract a key through the model has been executed."
"X-11","Extensibility, automation and AI assistance","Usage limits and cost reporting","Provider usage is capped and reported per operation","partial","src/studio/assistant/contextBudget.ts","","FIRECRAWL; IDS; AVEVA","no","State: partial (assessed 2026-09-10). Usage is estimated and reported as a context meter with a hard stop at the declared budget, folding in provider caps on entries, images and request bytes (`src/studio/assistant/contextBudget.ts`). Remaining: per-operation monetary cost is not reported, and the estimate is a client-side approximation rather than provider-reported usage."
"X-12","Extensibility, automation and AI assistance","Human review and rejection","Rejected proposal leaves authoritative design unchanged","partial","src/studio/assistant/permissions.ts","","FIRECRAWL; IDS; AVEVA","no","State: partial (assessed 2026-09-10). A denied permission prompt leaves the design unchanged and returns an explicit refusal rather than failing silently, asserted across allow once, allow for this chat, deny and stop (`src/studio/assistant/permissions.ts`). Remaining: rejecting an already-applied change relies on undo rather than a proposal queue."
"X-13","Extensibility, automation and AI assistance","Automation provenance","Prompt/input version, tool and accepted changes are traceable","partial","src/studio/assistant/workPacket.ts","","FIRECRAWL; IDS; AVEVA","no","State: partial (assessed 2026-09-10). Work packets persist the objective, the actions taken and the raw task events, and tool receipts are bound to the design revision they changed (`src/studio/assistant/workPacket.ts`, `workPacketStore.ts`). Remaining: the prompt or manual version in force is not recorded alongside the accepted changes."
"X-14","Extensibility, automation and AI assistance","Integration health and retries","Unavailable service is visible and retry does not duplicate work","partial","src/lib/pricingResearch.server.ts","","FIRECRAWL; IDS; AVEVA","no","State: partial (assessed 2026-09-10). An unconfigured or failing provider is reported truthfully rather than hidden: the pricing route distinguishes not-configured, 401, 402, 429, timeout, abort, oversized and malformed responses, and single-flight refusal prevents a duplicate in-flight request (`src/lib/pricingResearch.server.ts`). Remaining: there is no automatic retry policy, so retry without duplication is proven only for the refusal path."
"Y-01","Yards, infrastructure, industrial and specialist assets","Road alignments and corridors","Stationing, profiles and sections reconcile corridor geometry","gap","","","CIVIL; AVEVA; TRIMBLE","no","State: gap (assessed 2026-09-10). No yards, infrastructure or industrial-asset module exists. These specialist asset types have no representation in the data model. Recorded as a gap on 2026-09-10 after a code search confirmed the discipline words in the source are labels and categories, not a validated engine. Any future assessment of this category requires a separately validated solver or a licensed adapter, plus qualified review, per this register’s delivery sequence."
"Y-02","Yards, infrastructure, industrial and specialist assets","Intersections and swept paths","Design vehicle envelope follows the selected path and assumptions","gap","","","CIVIL; AVEVA; TRIMBLE","no","State: gap (assessed 2026-09-10). No yards, infrastructure or industrial-asset module exists. These specialist asset types have no representation in the data model. Recorded as a gap on 2026-09-10 after a code search confirmed the discipline words in the source are labels and categories, not a validated engine. Any future assessment of this category requires a separately validated solver or a licensed adapter, plus qualified review, per this register’s delivery sequence."
"Y-03","Yards, infrastructure, industrial and specialist assets","Rail and transit infrastructure","Chainage, cant and clearance data remain version-bound","gap","","","CIVIL; AVEVA; TRIMBLE","no","State: gap (assessed 2026-09-10). No yards, infrastructure or industrial-asset module exists. These specialist asset types have no representation in the data model. Recorded as a gap on 2026-09-10 after a code search confirmed the discipline words in the source are labels and categories, not a validated engine. Any future assessment of this category requires a separately validated solver or a licensed adapter, plus qualified review, per this register’s delivery sequence."
"Y-04","Yards, infrastructure, industrial and specialist assets","Airports, ports and marine works","Asset-specific geometry and design criteria are explicit","gap","","","CIVIL; AVEVA; TRIMBLE","no","State: gap (assessed 2026-09-10). No yards, infrastructure or industrial-asset module exists. These specialist asset types have no representation in the data model. Recorded as a gap on 2026-09-10 after a code search confirmed the discipline words in the source are labels and categories, not a validated engine. Any future assessment of this category requires a separately validated solver or a licensed adapter, plus qualified review, per this register’s delivery sequence."
"Y-05","Yards, infrastructure, industrial and specialist assets","Water, sewer and utility networks","Connectivity, levels and asset IDs reconcile GIS and design","gap","","","CIVIL; AVEVA; TRIMBLE","no","State: gap (assessed 2026-09-10). No yards, infrastructure or industrial-asset module exists. These specialist asset types have no representation in the data model. Recorded as a gap on 2026-09-10 after a code search confirmed the discipline words in the source are labels and categories, not a validated engine. Any future assessment of this category requires a separately validated solver or a licensed adapter, plus qualified review, per this register’s delivery sequence."
"Y-06","Yards, infrastructure, industrial and specialist assets","Plant P&IDs and isometrics","Tags and line lists remain consistent across representations","gap","","","CIVIL; AVEVA; TRIMBLE","no","State: gap (assessed 2026-09-10). No yards, infrastructure or industrial-asset module exists. These specialist asset types have no representation in the data model. Recorded as a gap on 2026-09-10 after a code search confirmed the discipline words in the source are labels and categories, not a validated engine. Any future assessment of this category requires a separately validated solver or a licensed adapter, plus qualified review, per this register’s delivery sequence."
"Y-07","Yards, infrastructure, industrial and specialist assets","Piping stress and support design","Load cases and boundary conditions match checked solver inputs","gap","","","CIVIL; AVEVA; TRIMBLE","no","State: gap (assessed 2026-09-10). No yards, infrastructure or industrial-asset module exists. These specialist asset types have no representation in the data model. Recorded as a gap on 2026-09-10 after a code search confirmed the discipline words in the source are labels and categories, not a validated engine. Any future assessment of this category requires a separately validated solver or a licensed adapter, plus qualified review, per this register’s delivery sequence."
"Y-08","Yards, infrastructure, industrial and specialist assets","Mining, quarries and bulk materials","Survey surfaces and stockpile volumes retain survey dates","gap","","","CIVIL; AVEVA; TRIMBLE","no","State: gap (assessed 2026-09-10). No yards, infrastructure or industrial-asset module exists. These specialist asset types have no representation in the data model. Recorded as a gap on 2026-09-10 after a code search confirmed the discipline words in the source are labels and categories, not a validated engine. Any future assessment of this category requires a separately validated solver or a licensed adapter, plus qualified review, per this register’s delivery sequence."
"Y-09","Yards, infrastructure, industrial and specialist assets","Power generation and transmission","Equipment, routes and reviewed clearances remain traceable","gap","","","CIVIL; AVEVA; TRIMBLE","no","State: gap (assessed 2026-09-10). No yards, infrastructure or industrial-asset module exists. These specialist asset types have no representation in the data model. Recorded as a gap on 2026-09-10 after a code search confirmed the discipline words in the source are labels and categories, not a validated engine. Any future assessment of this category requires a separately validated solver or a licensed adapter, plus qualified review, per this register’s delivery sequence."
"Y-10","Yards, infrastructure, industrial and specialist assets","Telecom and linear utility corridors","Route changes update crossings, lengths and access constraints","gap","","","CIVIL; AVEVA; TRIMBLE","no","State: gap (assessed 2026-09-10). No yards, infrastructure or industrial-asset module exists. These specialist asset types have no representation in the data model. Recorded as a gap on 2026-09-10 after a code search confirmed the discipline words in the source are labels and categories, not a validated engine. Any future assessment of this category requires a separately validated solver or a licensed adapter, plus qualified review, per this register’s delivery sequence."
"Y-11","Yards, infrastructure, industrial and specialist assets","Warehouses and logistics yards","Vehicle movements, storage and pedestrian zones are inspectable","gap","","","CIVIL; AVEVA; TRIMBLE","no","State: gap (assessed 2026-09-10). No yards, infrastructure or industrial-asset module exists. These specialist asset types have no representation in the data model. Recorded as a gap on 2026-09-10 after a code search confirmed the discipline words in the source are labels and categories, not a validated engine. Any future assessment of this category requires a separately validated solver or a licensed adapter, plus qualified review, per this register’s delivery sequence."
"Y-12","Yards, infrastructure, industrial and specialist assets","Agricultural and rural infrastructure","Fencing, sheds, irrigation and access reconcile site records","gap","","","CIVIL; AVEVA; TRIMBLE","no","State: gap (assessed 2026-09-10). No yards, infrastructure or industrial-asset module exists. These specialist asset types have no representation in the data model. Recorded as a gap on 2026-09-10 after a code search confirmed the discipline words in the source are labels and categories, not a validated engine. Any future assessment of this category requires a separately validated solver or a licensed adapter, plus qualified review, per this register’s delivery sequence."
"Y-13","Yards, infrastructure, industrial and specialist assets","Temporary events and modular facilities","Reusable configuration retains load and installation reviews","gap","","","CIVIL; AVEVA; TRIMBLE","no","State: gap (assessed 2026-09-10). No yards, infrastructure or industrial-asset module exists. These specialist asset types have no representation in the data model. Recorded as a gap on 2026-09-10 after a code search confirmed the discipline words in the source are labels and categories, not a validated engine. Any future assessment of this category requires a separately validated solver or a licensed adapter, plus qualified review, per this register’s delivery sequence."
"Y-14","Yards, infrastructure, industrial and specialist assets","Brownfield retrofit and decommissioning","Existing/removed/new assets stay distinct with source evidence","gap","","","CIVIL; AVEVA; TRIMBLE","no","State: gap (assessed 2026-09-10). No yards, infrastructure or industrial-asset module exists. These specialist asset types have no representation in the data model. Recorded as a gap on 2026-09-10 after a code search confirmed the discipline words in the source are labels and categories, not a validated engine. Any future assessment of this category requires a separately validated solver or a licensed adapter, plus qualified review, per this register’s delivery sequence."
"Z-01","Zero-loss delivery, release and business continuity","Reproducible build identity","Proof records commit, dirty diff and artifact hashes","partial","","proof/growth/2026-09-09-az5-release/verification.md","FORMA; MAXIMO","no","State: partial (assessed 2026-09-10). Release stages freeze the source, count the collected files, record executable and installer digests, inject and verify a build identity and check for source drift after quality assurance (proof/growth/2026-09-09-az5-release/verification.md; LATEST-VERIFIED-BUILD.md). Remaining: builds run from an uncommitted working tree, so a commit and dirty-diff record is not part of the identity."
"Z-02","Zero-loss delivery, release and business continuity","Desktop install and upgrade","Upgrade retains real user profile and compatible project data","gap","","","FORMA; MAXIMO","no","State: gap (assessed 2026-09-10). No build has been installed over the normal application. Every verified package runs from an isolated profile and the register must not imply an upgrade path was tested."
"Z-03","Zero-loss delivery, release and business continuity","Offline cold start","Installed app opens source and design without development services","partial","","","FORMA; MAXIMO","no","State: partial (assessed 2026-09-10). The packaged Windows application starts and completes journeys from an isolated profile without development services, including retained sheets, price books and saved views (SC-11, SC-13 native runs). Remaining: cold start is proven for the packaged executable, not for an installed application."
"Z-04","Zero-loss delivery, release and business continuity","Web production parity","Built site completes the same declared workflows as development","partial","","","FORMA; MAXIMO","no","State: partial (assessed 2026-09-10). Each release runs the same declared journeys against the built site and the native application, most recently 40 runs and 765 commands across both for build 8e14ac427997. Remaining: parity is asserted for the declared journeys only, with rendering web-only and the native refusal documented."
"Z-05","Zero-loss delivery, release and business continuity","Dependency and license inventory","Bundled components carry required notices and versions","gap","","","FORMA; MAXIMO","no","State: gap (assessed 2026-09-10). There is no dependency and licence inventory with required notices. A bundled third-party CAD engine and a CC0 asset are recorded individually in their slices, which does not satisfy this row."
"Z-06","Zero-loss delivery, release and business continuity","Security and tenant isolation","Adversarial access tests cannot cross project permissions","dependency-blocked","","","FORMA; MAXIMO","no","State: dependency-blocked (assessed 2026-09-10). There are no tenants or permissions to cross. Provider keys are confined to server modules (X-10), but adversarial access testing has no boundary to attack until accounts exist."
"Z-07","Zero-loss delivery, release and business continuity","Backup/restore disaster drill","Clean machine restoration proves complete recoverability","partial","src/studio/workspaceRestoreStorage.ts","proof/growth/2026-09-11-restore/README.md","FORMA; MAXIMO","no","State: partial (reviewed 2026-09-11). The previously missing apply path now restores transferred backup data into fresh browser storage and verifies the original source SHA-256. Code: src/studio/workspaceRestoreStorage.ts. Proof: proof/growth/2026-09-11-restore/README.md. Remaining: clean-machine and native disaster drills with complete project context; a fresh browser context is not a clean machine."
"Z-08","Zero-loss delivery, release and business continuity","Observability without secrets","Error reports omit keys, private prompts and unauthorized documents","partial","src/lib/pricingResearch.server.ts","","FORMA; MAXIMO","no","State: partial (assessed 2026-09-10). Keys are read only in server modules and never appear in responses, failures or browser code, and evidence bundles are reviewed before archiving (`src/lib/pricingResearch.server.ts`). Remaining: there is no error reporting pipeline to audit for private prompts or unauthorised documents."
"Z-09","Zero-loss delivery, release and business continuity","Performance and resource limits","Oversized files fail safely without freezing or partial writes","partial","","","FORMA; MAXIMO","no","State: partial (assessed 2026-09-10). Oversized and malformed inputs fail safely rather than corrupting state: workbook import is bounded against zip expansion, backup capture is capped, the CAD bridge enforces a size limit with cancellation, and a failed write preserves the previously stored bytes. Remaining: no freeze or partial-write behaviour has been measured under a deliberate resource-exhaustion test."
"Z-10","Zero-loss delivery, release and business continuity","Rollback and forward compatibility","Failed upgrade can recover last confirmed data revision","partial","src/studio/persistence.ts","","FORMA; MAXIMO","no","State: partial (assessed 2026-09-10). A newer stored revision is never silently overwritten and an unsupported schema fails closed with the original bytes intact, so the last confirmed data revision survives a refused change (`src/studio/persistence.ts`, `store.ts`). Remaining: there is no application upgrade path, so upgrade rollback is untested."
"Z-11","Zero-loss delivery, release and business continuity","Support and incident handling","Reproducible ticket links diagnostics, affected build and recovery","gap","","","FORMA; MAXIMO","no","State: gap (assessed 2026-09-10). There is no incident or ticket handling linking diagnostics to an affected build."
"Z-12","Zero-loss delivery, release and business continuity","Proof expiry after changes","Dependency changes reopen affected completed acceptance rows","verified","","","FORMA; MAXIMO","no","State: verified (assessed 2026-09-10). Stated as a governing rule of this register and applied in practice: a dependency change reopens its acceptance, superseded builds are marked superseded rather than deleted, and on 2026-09-10 every row was re-assessed against shipping code with stale claims corrected. Earlier candidate builds remain recorded as superseded with their failures preserved."
"Z-13","Zero-loss delivery, release and business continuity","Release notes and capability contract","Users see delivered limits and verified platform support","partial","","","FORMA; MAXIMO","no","State: partial (assessed 2026-09-10). The verified build record states what the build delivers, its digests, and its known limits including the eight-step assistant pause, web-only rendering and the untested two-window native case (LATEST-VERIFIED-BUILD.md). Remaining: this is a repository record rather than release notes visible to a user inside the application."
"Z-14","Zero-loss delivery, release and business continuity","Full working-day acceptance","Named industry scenario completes create-to-handover-to-reopen with proof","gap","","","FORMA; MAXIMO","no","State: gap (assessed 2026-09-10). No named industry scenario has completed the create-to-handover-to-reopen working day. Handover cannot complete while external delivery is unavailable (V-05) and complete-context backup acceptance remains open (B-09). All 68 industry profiles remain not-tested."
