✔ layout provider emits the live-verified JSON MIME enum and bounded request; validates source binding (48.921ms)
✔ layout provider rejects disabled, oversized, failed and incomplete responses (1.7841ms)
✔ 120 sequential provider requests have no app daily cap and honor selected output budget (77.134ms)
✔ status keeps credentials private and web access opt-in (0.2428ms)
✔ same-origin check rejects missing evidence, cross-site and sibling origins (12.1343ms)
✔ function declarations and multimodal history reach fixed provider; signatures remain byte-identical (5.285ms)
✔ search mode is separate and sources are bounded, deduplicated and safe links (4.4985ms)
✔ invalid envelopes, duplicate tools, malformed images and excessive JSON reject before network (27.1666ms)
✔ missing credentials, pre-abort and oversized request make no provider call (37.0367ms)
✔ native parity rejects role misuse, image MIME mismatch, cycles and protected JSON keys (1.5176ms)
✔ provider errors and thrown diagnostics never expose secret values (1.7487ms)
✔ incomplete, malformed and undeclared function calls fail closed (1.4102ms)
✔ response streaming cap cancels the reader and remains safe (1.6887ms)
✔ incomplete response explains length and tool-call failures without exposing provider diagnostics (1.0749ms)
✔ cancellation discards late provider results and releases the single-flight guard (1.1058ms)
✔ provider token totals are preserved without inventing absent or invalid usage (1.0994ms)
✔ provider status exposes no credential and requires explicit web enable (1.1726ms)
✔ real adapter builds fixed-host image request and binds validated fixture result to source (35.6909ms)
✔ absent credentials and altered image bytes fail before any network request (1.0006ms)
✔ provider rejection, truncation and invalid numeric proposals never produce a run (2.6118ms)
✔ single-flight prevents duplicate provider requests and releases after cancellation (2.2391ms)
✔ cross-site browser requests are rejected (1.7692ms)
✔ status never exposes the key and requires explicit operator enable (1.9515ms)
✔ not-configured and disabled refuse before any network request (6.5025ms)
✔ invalid JSON and schema violations are invalid-request failures without a network call (2.0978ms)
✔ success posts the documented body to the fixed endpoint and maps the documented response (39.2263ms)
✔ missing optional provider fields stay unknown and location/exclude filters pass through (2.9247ms)
✔ provider HTTP statuses map to typed failures with the documented retryability (8.0707ms)
✔ timeout fires for a fetcher that never settles and releases the single-flight slot (33.0948ms)
✔ abort via the request signal reports cancelled and never retries (1.5253ms)
✔ oversized responses are refused by content-length and by streamed size (2.6216ms)
✔ malformed JSON and undocumented shapes are invalid-response failures (3.6824ms)
✔ duplicate provider links collapse to one candidate and the supplier filter is echoed in the result (1.2078ms)
✔ a second search while one is in flight is refused as busy and the slot is released afterwards (2.2474ms)
✔ network failures are upstream errors whose messages never include the key or provider internals (0.7874ms)
✔ cross-site browser requests are rejected and same-origin requests allowed (2.1225ms)
✔ status uses the shared key, web opt-in, render kill switch and a validated image model; never echoes the key (1.3294ms)
✔ prompt is deterministic, carries the fixed disclaimer and every material label, omits empty fields and wraps notes as user notes (17.042ms)
✔ request contract rejects non-PNG bytes, extra keys, control characters, long materials and bad ids (2.6171ms)
✔ success sends prompt + png to the image model with response modalities and no tools, and returns a bound, provenance-stamped result (48.6109ms)
✔ missing key, disabled web access, pre-abort, oversized body and oversized image make no provider call (95.2709ms)
✔ integrity failures reject before network: sha mismatch, JPEG labelled PNG, invalid contract (1.0673ms)
✔ non-OK provider responses map to 502 with 429 passthrough and never expose the key (1.5051ms)
✔ blocked, incomplete, imageless, unsupported, oversized or key-echoing outputs fail closed (78.3745ms)
✔ thought parts are skipped, JPEG output is accepted, and text is optional (1.1155ms)
✔ single-flight guard rejects a concurrent render and releases after cancellation (1.9601ms)
✔ daily cap counts per process day and resets on the next day (14.9299ms)
✔ voice validation bounds audio and text and rejects URLs and unsupported audio (2.643ms)
✔ voice status never includes private credentials and defaults to disabled web use (0.3745ms)
✔ Deepgram responses are sanitized and binary data is bounded (30.009ms)
▶ SC-07H BOM panel states
  ✔ distinguishes no recipe from a confirmed recipe that is ready to compile (12.3969ms)
  ✔ keeps browser-only generation explicitly unavailable (1.7209ms)
  ✔ requires explicit confirmation for every unresolved recipe assumption (1.2417ms)
  ✔ renders compiling state with a cancellable pending build (0.8753ms)
  ✔ separates transport failure from domain issues and offers the correct recovery (2.2914ms)
  ✔ renders a current result with quantity, calculation, confidence and complete lineage (13.8727ms)
  ✔ retains a stale snapshot but warns that it is not current (20.67ms)
  ✔ keeps stale regeneration unavailable in a browser-only host (18.9332ms)
  ✔ does not make commercial, pricing, tax or handoff claims (22.0738ms)
✔ SC-07H BOM panel states (95.9138ms)
✔ reach rig follows camera/body and real animation time, then hides on cancellation (17.5499ms)
✔ reduced motion hides the body reach without changing door state; late asset is disposed (1.1752ms)
✔ denied and missing capture enter functional walk with chosen heading and original orbit FOV (8.3416ms)
✔ fresh capture upgrades drag controls; browser unlock and rapid reentry remain functional (1.7764ms)
✔ stale start rejection does not overwrite a newer walk or its camera (1.1101ms)
✔ late granted request after stop or dispose releases lock and cannot revive navigation (1.1433ms)
✔ legacy event-only capture handles errors, delayed success and disposal (0.8742ms)
✔ drag look only responds to its active pointer, follows camera signs, and ends on cancel (2.3031ms)
✔ W with A/D moves forward and to the viewer's left/right at both headings; fly vertical keys work (3.0024ms)
✔ editable focus halts held movement, blur clears keys, and invalid setup restores camera (3.1228ms)
✔ walk arrival finishes at requested position and yaw despite pointer-lock refusal (2.2051ms)
✔ old rejection cannot drop cleanup for a newer event-only request (0.6239ms)
✔ collision stops attempted walk motion and reports actual feet without residual velocity (0.6331ms)
✔ collision keeps permitted wall-slide movement instead of discarding the whole velocity (0.565ms)
✔ stair feet change immediately while camera height eases up and down then settles at eye height (0.9954ms)
✔ free Fly never consults walking collision or waits for walking interactions (0.607ms)
✔ invalid or unavailable physical landing restores prior camera and rejects before capture (0.5733ms)
✔ E fires once per press; busy interaction pauses walking but permits look and Escape (0.7931ms)
✔ cinematic 1600 ms arrival remains an arc and never collides until walking begins (0.8504ms)
✔ a missing or invalid world result freezes an active walk instead of bypassing collision (2.4141ms)
✔ closing drafting restores clipping, transparency and camera without changing model geometry (169.5361ms)
✔ MagicPencilDraftsman initializes, sorts storeys and drives procedural drawing phases (715.6724ms)
✔ MagicPencilDraftsman runs on Caroline model with two floors (220.4871ms)
✔ MagicPencilDraftsman supports section cuts and dimensions, and refuses headless image export (991.5674ms)
▶ Model scope coordinates and projection
  ✔ bounds untrusted numerical options and keeps enabled strict (1.8253ms)
  ✔ maps a translated/scaled host in CSS coordinates, without assuming DPR (0.3715ms)
  ✔ bounds the lens while retaining the exact focus point at every edge (0.5716ms)
  ✔ uses DPR only for bounded fresh-render resolution (0.2119ms)
  ✔ perspective keeps all four edge pointer rays under the crosshair at either DPR (5.7572ms)
  ✔ perspective centers the original source point at true 4x without mutating camera (existing crop: false) (1.921ms)
  ✔ perspective centers the original source point at true 4x without mutating camera (existing crop: true) (1.5811ms)
  ✔ orthographic keeps all four edge pointer rays under the crosshair at either DPR (2.2887ms)
  ✔ orthographic centers the original source point at true 4x without mutating camera (existing crop: false) (0.6474ms)
  ✔ orthographic centers the original source point at true 4x without mutating camera (existing crop: true) (0.3681ms)
  ✔ copies a transformed camera's world pose without reparenting it (0.5943ms)
✔ Model scope coordinates and projection (18.0456ms)
▶ Model scope shared renderer state
  ✔ restores target, viewport, scissor, shadows, XR and counters after success (0.5669ms)
  ✔ restores target, viewport, scissor, shadows, XR and counters after failure (0.4628ms)
✔ Model scope shared renderer state (1.1833ms)
▶ Model scope lifecycle
  ✔ mounts a capture wheel listener that updates only a visible lens and restores ordinary routing outside its circle (3.7313ms)
  ✔ passes input through, hides on leave, and disposes only its own resources once (1.4153ms)
✔ Model scope lifecycle (5.3064ms)
✔ door prompt requires near, facing and vertically matching approach; other solids block it (10.4617ms)
✔ swing animates the actual leaf about its edge, away from viewer, without changing geometry (5.2223ms)
✔ closed doorway and open swing area refuse closing without moving the leaf (2.5779ms)
✔ explicit hinge swing refuses opening through a nearby body, but works about one metre away (7.9251ms)
✔ slide and lift change the same collider-visible meshes; open garage control remains reachable (2.6417ms)
✔ camera entering the sweep during animation stops motion at its current pose (4.6936ms)
✔ reset/exit/dispose restore original local transforms under a rotated parent (5.4437ms)
✔ duplicate leaf ownership is rejected before ambiguous interaction (1.4054ms)
✔ actual Redburn bifold retains close access near the original portal and reports open state when looking away (125.2592ms)
✔ empty space in merged leaf geometry does not become a solid swept box (4.7786ms)
✔ hosted opening removes exact material volume; deletion heals wall; unrelated IDs survive (18.0723ms)
✔ invalid or overlapping hosted openings and duplicate physical identity rejected (7.2197ms)
✔ layer and geometry changes increment entity revision; no-op keeps revision (1.0981ms)
✔ joined rectangular room has exact internal net area and no double-counted corner volume (12.2879ms)
✔ T intersection volume is union, not sum (2.7134ms)
✔ roof planes cover footprint exactly and bear at the wall elevation (2.6886ms)
✔ quantity and cost use net geometry, explicit density, rate revision and waste (1.7134ms)
✔ future schema restore cannot be bypassed by ordinary edits; explicit recovery preserves original (11.5859ms)
✔ failed writes preserve prior design and concurrent updates block stale overwrites (2.4724ms)
✔ precision exact length, mirror, offset, trim, extend and tangential fillet (10.4242ms)
✔ snap candidates resolve endpoint, midpoint, intersection, perpendicular, extension, centre and tangent (1.5028ms)
✔ plan, elevations, sections and associative dimensions regenerate after editing (3.9249ms)
✔ DXF parametric round trip preserves stable IDs and manual properties (42.4972ms)
✔ edited DXF never restores stale embedded design and undeclared units rejected (7.5305ms)
✔ IFC exports semantic void/fill and spatial containment; CSV prevents formula execution (8.4763ms)
✔ design material sync is idempotent, preserves physical rows, invalidates changed review and retires deletions (10.2319ms)
✔ AI proposal requires review-time revision binding and validates bounds, room closure and hosted doors (27.3501ms)
✔ fascia and gutter profiles share real mitered geometry with finite volume; disabled gutters disappear (28.6152ms)
✔ design sync preserves user stock names and supplied unit weights when no design density is specified (2.01ms)
✔ overlapping return walls and a short closing segment do not create cyclic clipping rings (18.6737ms)
✔ near-aligned layered walls remain closed and subtract hosted openings without clipping crashes (189.4284ms)
✔ legacy design read and validation preserve the old record and implicit layout (23.9377ms)
✔ duplicate materializes the implicit viewport with fresh identity and independent layout (4.5556ms)
✔ save/reopen preserves selected sheet, names, ordering and per-viewport scales (1.9044ms)
✔ archive and recover after reopening retain identity, original slot and complete layout (2.3046ms)
✔ archive rejects stale review even when a caller changes the design without incrementing revision (2.0529ms)
✔ failed archive and recovery saves leave last saved layout and archive state intact; retry succeeds (1.6878ms)
✔ stale session cannot archive over another window's renamed drawing sheet (1.1967ms)
✔ invalid active projection, identities and archived viewport references block restore without overwriting bytes (9.488ms)
✔ keep one active sheet, refuse invalid names and skip archived positions when ordering (5.5262ms)
✔ paper resizing fits frames exactly, retains identities and scales and survives reopening (1.5064ms)
✔ parametric DXF preserves all sheets and active PDF exports the selected layout (147.2762ms)
✔ binary CAD transport preserves bytes, including NUL and non-UTF8 data (6.79ms)
✔ CAD transport rejects empty, malformed and oversized payloads (0.5669ms)
✔ web conversion fails before any remote request (0.574ms)
✔ explicit landscape materials render distinctly without changing geometry or evidence (27.0662ms)
✔ synchronous sha256 matches node:crypto across block and padding boundaries (1.6663ms)
✔ an empty design is refused; a designed house becomes a valid, fully inferred Model scene (92.6221ms)
✔ geometry follows the authored design: wall heights, hosted openings, slab and roof levels (18.6555ms)
✔ the scene is deterministic for a project revision and changes identity with the revision or project (131.6687ms)
✔ upper storeys carry their level identity, floor elevations and the upper level band (41.2613ms)
✔ reserved or colliding level identities fall back safely instead of producing an invalid scene (31.5787ms)
✔ the bundled demonstration design renders as a designed scene (23.555ms)
✔ ArchitecturalDimensioning computes dimensions, tags storeys and manages visibility (34.9976ms)
▶ SC-19 collapsed rail bounds
  ✔ sticks the collapsed rail to the column seam rather than spanning the viewport (1.2787ms)
  ✔ degrades to the full-width rail when the seam has not been measured (0.257ms)
  ✔ docks the OPEN panel to the same column instead of floating it (1.3767ms)
  ✔ hides the collapsed launcher once the panel is open (0.275ms)
  ✔ is not overridden by the later launcher width rule (0.3358ms)
  ✔ scopes the constraint to the widths where rails are actually measured (0.1811ms)
  ✔ does not depend on [data-assistant-rail], which is already cleared when the panel closes (0.1733ms)
  ✔ restores the column seam after the launcher rule that strips both side borders (0.1813ms)
  ✔ publishes the seam on <html>, outside the rail-mode effect that clears it (0.7607ms)
  ✔ keeps the edge-to-edge default for the undocked panel below the rail breakpoint (0.2671ms)
✔ SC-19 collapsed rail bounds (6.6278ms)
▶ assistant rail persistence
  ✔ round-trips and ignores junk (1.1356ms)
✔ assistant rail persistence (2.6348ms)
▶ assistantRailBox
  ✔ fills from the measured seam to the viewport edge on tablet and desktop (1.1263ms)
  ✔ keeps a usable minimum width and never overflows the viewport height (0.1903ms)
  ✔ is unavailable on narrow viewports or without a measured rail (0.1605ms)
  ✔ publishes rounded pixel custom properties (0.1962ms)
✔ assistantRailBox (2.0308ms)
▶ nextRailState
  ✔ entering rail mode expands a collapsed menu; leaving keeps the menu as it was (0.2874ms)
  ✔ collapsing the menu or closing the assistant leaves rail mode (4.0964ms)
✔ nextRailState (4.8741ms)
✔ concave roof rejection is demonstrably before mutation and survives MCP metadata transport (35.6483ms)
✔ ordinary errors and text imitating a rejection never resolve an uncertain mutation (0.4035ms)
✔ SDK-free tools expose strict schemas; project context reports real recovery and save state (12.9011ms)
✔ navigation selects only known panes and refuses changed or recovering projects (1.6202ms)
✔ pending architectural gesture prevents navigation away (0.7844ms)
✔ pending source trace or calibration is preserved instead of navigating (0.7245ms)
✔ save tool checks main revision and reports only confirmed readback success (1.0861ms)
✔ project switch during pending navigation inspection prevents any pane mutation (0.9247ms)
✔ drawing and undo validation block malformed arguments before reaching the UI controller (2.1641ms)
✔ capture does not return an image if the project changes while waiting for a rendered frame (1.1613ms)
✔ append batch creates real hosted geometry and retains existing authored sheet layouts (14.322ms)
✔ invalid hosted opening rejects the whole append batch without modifying the project (2.6142ms)
✔ wall template copies reviewed layer properties with independent layer identities (7.7315ms)
✔ active controller registration is lifecycle-safe and unmounted tools fail honestly (0.6586ms)
✔ canvas capture exports real source draw pixels and refuses absent or transparent renders (0.556ms)
✔ draftsman controls require current ready project and mounted Model without navigation (5.0614ms)
✔ draftsman status validates inputs and exit is explicit animation cancellation (0.7277ms)
✔ draftsman async result is not credited to a switched project (0.3495ms)
✔ Model mode mounts the design as an inferred designed scene, selects Model and can be hidden again (112.1479ms)
✔ Model display wireframe is reported only after the viewer confirms it (106.3809ms)
✔ Model display solid is reported only after the viewer confirms it (79.4055ms)
✔ Model mode refuses stale revisions, pending work, empty designs, changed projects and sessions without a viewer (53.0945ms)
✔ Model mode opens the Architectural workspace through the existing UI when its controller is not mounted (19.863ms)
✔ designed scenes built for Model mode are the same pure geometry the scene builder produces (15.0578ms)
✔ removing a wall cascades its hosted openings and dimensions and leaves the original untouched (29.2485ms)
✔ removing a level is refused while entities remain on it, and the last level can never go (4.6593ms)
✔ moving a wall keeps a hosted door valid when it still fits (20.1889ms)
✔ moving a wall so its door no longer fits rejects the whole batch unless the batch re-offsets the door (6.1312ms)
✔ moving or renaming requires at least one field and an existing wall of that kind (8.5954ms)
✔ set-level changes the storey without touching existing wall heights (4.7616ms)
✔ set-wall replaces the assembly from a template and enforces hosted opening heights (8.301ms)
✔ set-roof applies gable edges and pitch, rebuilds edges for a new outline and fails closed on bad gables (11.0079ms)
✔ set-slab and set-opening edit in place with stable identities (4.6028ms)
✔ rename-design changes only the design header and keeps the identity (3.165ms)
✔ unknown ids fail closed, including a duplicate remove in one batch (3.24ms)
✔ revision and project binding and batch limits reject before any edit is applied (5.8955ms)
✔ requestArchitectTool dispatches edits to the mounted controller and fails closed without edit support (2.0414ms)
✔ large pdf intake accepts the 500 MB boundary (1.6317ms)
✔ large png intake accepts the 500 MB boundary (0.2185ms)
✔ large jpg intake accepts the 500 MB boundary (0.0807ms)
✔ large jpeg intake accepts the 500 MB boundary (0.0762ms)
✔ large webp intake accepts the 500 MB boundary (0.0867ms)
✔ large txt intake accepts the 500 MB boundary (0.0723ms)
✔ large md intake accepts the 500 MB boundary (0.0748ms)
✔ large csv intake accepts the 500 MB boundary (0.1325ms)
✔ large json intake accepts the 500 MB boundary (0.1788ms)
✔ large dxf intake accepts the 500 MB boundary (0.2983ms)
✔ large ifc intake accepts the 500 MB boundary (0.229ms)
✔ large svg intake accepts the 500 MB boundary (0.1156ms)
✔ unsupported, empty and invalid sizes fail before content is read (0.32ms)
✔ chunked original-file hash matches independent SHA-256 across chunk boundaries (90.2758ms)
▶ describeArchitectEntity
  ✔ describes a wall with its level, endpoints in mm and length (1.4526ms)
  ✔ resolves an opening's level through its host wall and keeps the wall id in the summary (0.3859ms)
  ✔ covers every entity family and returns null for unknown ids (0.4989ms)
  ✔ clips very long summaries so the reference fits the composer (0.2703ms)
✔ describeArchitectEntity (5.5707ms)
▶ describeSourcePart
  ✔ reports bounds in metres, evidence and source pages (0.3521ms)
✔ describeSourcePart (0.6428ms)
▶ formatReference and mergeDraft
  ✔ formats one bracketed line carrying the exact id and level (0.3431ms)
  ✔ appends to an existing draft without duplicating the reference or the intent (0.285ms)
✔ formatReference and mergeDraft (0.8656ms)
▶ useCanvasPick
  ✔ accepts only the requested kinds and inserts the reference into the draft (0.5519ms)
✔ useCanvasPick (0.7575ms)
✔ below the trigger the same array reference comes back untouched (7.5086ms)
✔ images are replaced part-wise before any entry is cut, and no entry is left empty (2.054ms)
✔ images alone are dropped when no legal cut point sits inside the budget (0.3279ms)
✔ a cut never separates a tool call from its receipt (0.4083ms)
✔ nothing at or after the last checkpoint receipt is dropped (0.2952ms)
✔ carriedCallIds holds exactly the receipt ids from the dropped entries (0.2587ms)
✔ a postcondition failure returns the original array with compacted false (0.3448ms)
✔ the result always ends with a user entry (1.4762ms)
✔ keepUserMessages and maxEntries combine with min, never max (0.2867ms)
✔ compaction always hands back a new array so the caller re-measures (0.3484ms)
✔ a tool receipt is never a legal cut point, even after rule 3 substitutes a text part (0.2243ms)
✔ a checkpoint before the retained tail still allows compaction of the entries ahead of it (0.2828ms)
✔ token estimate counts text at four characters per token and rounds up (3.2819ms)
✔ token estimate counts tool calls and results by their JSON length (1.3771ms)
✔ every inline image counts a fixed 1,000 tokens regardless of its size (0.2221ms)
✔ thresholds: ok below 240,000, warn from 240,000, full from 300,000, percent capped at 100 (0.89ms)
✔ meter text reads as a percentage with a token tooltip (36.2605ms)
✔ handover carries the project, every request in order, state-changing receipts and the last reply (1.1805ms)
✔ handover flags outstanding work after the eight-step pause or the context limit stop (0.2602ms)
✔ handover trims each request to 300 characters, receipts to 200 and the last reply to 1,200 (0.288ms)
✔ handover never exceeds 6,000 characters and keeps the newest requests when it must drop some (5.0277ms)
✔ a previous handover entry is context, not the last reply, and empty chats still produce a note (0.3943ms)
✔ QA context floor only raises the estimate, ignores junk and tolerates a throwing storage (2.0324ms)
✔ a turn with tool receipts records measured evidence and the tool names in order (6.1811ms)
✔ a failed tool is still a receipt and its failure is counted in the summary (0.7087ms)
✔ a failed tool returning JSON never leaks the body into the digest summary (0.4628ms)
✔ a failed tool returning a JSON ARRAY leaks nothing either (0.7308ms)
✔ a failed tool with a plain-text message keeps its sentence in the summary (1.1408ms)
✔ a genuine result that opens with the word Running is not discarded as a placeholder (0.7084ms)
✔ captured tool names stay inside the bounds contextLogStore entrySchema accepts (0.7519ms)
✔ a placeholder for a tool that is still running is not read as a result (0.2831ms)
✔ a turn with only user text records stated evidence (0.2942ms)
✔ a storage failure is swallowed so a failed log write can never fail a send (0.369ms)
✔ a synchronously throwing append is swallowed too (0.3316ms)
✔ an empty turn records nothing and never reaches storage (0.1458ms)
✔ every entry carries a unique id and the injected instant (0.2744ms)
✔ an explicit first-person statement proposes a profile slot (1.2452ms)
✔ anything that is not an explicit statement about the user proposes nothing (4.4766ms)
✔ a turn with tool receipts is measured evidence and reads from the receipt (4.2305ms)
✔ further receipts are counted and failures are stated in the summary (0.5387ms)
✔ a turn without receipts is stated evidence built from the user's own words (0.267ms)
✔ stated turns name the tools that ran in readable words (0.3189ms)
✔ a turn with neither words nor receipts is inferred (0.2867ms)
✔ summarisation is deterministic and never depends on a model (0.2535ms)
✔ topic stays within 60 characters and summary within 160, cut on a word boundary (0.3856ms)
✔ politeness at either end of a request is dropped from the topic but kept in a stated summary (0.2217ms)
✔ only the first sentence of a long message is kept, and whitespace is collapsed (0.1997ms)
✔ tool names are deduplicated and keep first-appearance order (0.3141ms)
✔ digest lists newest first, labels inferred lines and states each row's evidence (11.2266ms)
✔ only inferred lines are labelled, so a measured number is never marked recalled (0.2542ms)
✔ digest honours its limit and reports how many turns are held back (0.7147ms)
✔ an empty digest says so rather than rendering an empty table (0.1127ms)
✔ a pipe in an entry cannot break the digest table (0.2427ms)
✔ search matches topic, summary and tool names without embeddings (0.9759ms)
✔ search requires every term and returns matches newest first (0.2366ms)
✔ a blank or single-character query returns nothing rather than everything (0.1482ms)
✔ search and digest leave the caller's array untouched (0.1928ms)
✔ tool receipt outranks stated, and stated outranks inferred (0.1144ms)
✔ the database name and stores match the declared contract (1.8864ms)
✔ an appended entry reads back for its own project and no other (9.7989ms)
✔ entries read back newest first regardless of the order they were written (12.99ms)
✔ the jobId used for the index is not leaked into the entry a caller reads back (0.7165ms)
✔ the store keeps at most 500 entries per project, dropping oldest first (408.9978ms)
✔ the cap counts each project separately (1.015ms)
✔ a duplicate id is refused and the stored entry is left as it was (1.365ms)
✔ an invalid entry is refused before any transaction opens (2.475ms)
✔ a failed write preserves every existing byte and surfaces the error (1.0678ms)
✔ a failed profile write leaves the previous profile in place (1.4267ms)
✔ an unavailable database rejects rather than reporting an empty log (0.5033ms)
✔ an unreadable stored row fails loudly and preserves the stored bytes (1.1294ms)
✔ an unreadable profile fails loudly rather than reading as absent (0.7028ms)
✔ the profile round-trips and is keyed by project (0.4854ms)
✔ clearing one project's log leaves the other project and both profiles alone (0.9041ms)
✔ every opened database is closed again (0.3486ms)
✔ an empty profile has every slot null and renders as nothing (1.232ms)
✔ a line-level delta records the value, the instant and the user's words without touching other slots (2.5472ms)
✔ a delta clears one slot with a null value and leaves the rest established (0.2775ms)
✔ a wholesale replacement is refused so one injected string cannot erase what the user established (0.6028ms)
✔ a delta is refused when it names no known slot, omits the instant or omits the quote (0.3731ms)
✔ values are flattened, stripped of Markdown structure and bounded (0.2228ms)
✔ renderProfile omits empty slots entirely and keeps the stated instant and quote (0.3812ms)
✔ an explicit statement about the user proposes the matching slot (2.2275ms)
✔ text that is not an explicit statement about the user proposes nothing (0.4927ms)
✔ a proposal is a candidate only; it never writes to a profile by itself (0.3493ms)
✔ a short transcript keeps its array identity so the meter does not re-measure needlessly (1.6163ms)
✔ a long transcript is compacted and the base becomes the compacted array (1.0052ms)
✔ profile notes are bridged into slots and unknown slots are ignored (1.1993ms)
✔ a rejecting reader degrades to no carried context rather than failing the send (0.5759ms)
✔ one failing reader does not discard what the other returned (0.3283ms)
✔ an absent profile reads as empty without being counted a failure (0.5282ms)
✔ nothing to carry means nothing is pinned (0.4292ms)
✔ an empty context assembles to the base plus today and pins nothing (4.0305ms)
✔ the pinned pair heads the transcript, today closes it, and the request validates (6.503ms)
✔ the stored base is the sent array without today, so the next turn upserts the same pair (11.3327ms)
✔ carried call ids ride on the pinned user entry as functionResponse markers (1.5636ms)
✔ markers seed the replay guard the way conversation.ts builds it (0.3438ms)
✔ markers from an earlier turn survive the next upsert (0.2695ms)
✔ marker parts stay inside the per-content parts cap (1.1162ms)
✔ compaction then pinning produces a transcript the contract and the round guard both accept (12.64ms)
✔ a stored note cannot forge a heading or a table cell in the pinned block (0.8548ms)
✔ control characters and ANSI escapes in a stored note never reach the pinned block (0.201ms)
✔ a stored slot name is matched without regard to case (0.1373ms)
✔ no turn the gate admits can overshoot the content cap once it is assembled (0.8819ms)
✔ a turn that still fits is not refused, even though the pair costs two entries (0.2239ms)
✔ a turn that pins nothing is not charged for a pair it never gets (0.1697ms)
✔ carried call ids keep the most recent mutations, not the oldest (0.1987ms)
✔ the freshly dropped receipts still seed the replay guard through a full assembly (0.8293ms)
✔ no overflow reports no dropped ids (0.1352ms)
✔ the send path carries the saved profile and digest as a pinned pair at index 0 (2.1372ms)
✔ the assembled request ends with the user entry and satisfies the provider contract (12.4776ms)
✔ a long transcript is compacted before it is sent, and the stored base is the compacted one (0.5792ms)
✔ a failed profile read still sends the message and reports the loss (0.6071ms)
✔ both reads failing degrades to an unpinned send rather than blocking the user (0.3111ms)
✔ an empty profile and empty log do not spend budget on an empty pair (0.221ms)
✔ the mirrored shortInteraction still matches the one the send path actually uses (1.4379ms)
✔ a second turn upserts onto the same pinned pair instead of growing a new one (0.4601ms)
✔ routing suppresses premature final success and returns the required step to the model (10.5156ms)
✔ a model that ignores routing stops after two corrections without repeating mutations (1.1924ms)
✔ stop during the final routing check suppresses the late answer (0.4743ms)
✔ tool loop preserves thought signatures, call identity and actual output before answering (1.744ms)
✔ unknown tools cannot execute and failed tools are returned as errors to the model (0.7802ms)
✔ project changes after model response prevent every tool mutation (0.429ms)
✔ abort after provider response prevents tools and discards late model text (0.3884ms)
✔ user-selected twelve-step budget stops with completed results checkpointed (1.3284ms)
✔ an eight-tool workflow can inspect its result and give a final answer without a false blocked state (1.1236ms)
✔ stop between tools preserves completed receipts and records skipped calls for retry (3.1768ms)
✔ project change between tools preserves completed receipts and records skipped calls for retry (0.7643ms)
✔ replayed call IDs cannot repeat actions within a reply or across conversation history (0.9108ms)
✔ oversized tool batch executes at most 24 calls and checkpoints unexecuted receipts (3.207ms)
✔ wrong response identity and malformed actions cannot reach execution or chat output (1.4131ms)
✔ draftsmanControlSchema strictly validates actions and required parameters (5.4696ms)
✔ requestDraftsmanTool fails honestly when controller is unmounted (0.6308ms)
✔ registerDraftsmanController safely routes commands and returns status snapshot (0.4798ms)
✔ settings persist, reject invalid budgets and recover unavailable storage (5.058ms)
✔ a 120-tool workflow crosses the former round, tool and 38-entry ceilings with every receipt intact (198.4058ms)
✔ 200 real drawing operations validate atomically; 201 rejects without changing the project (11.3191ms)
✔ dxf export hands the exact bytes to the download and is byte-stable across two calls (77.5996ms)
✔ ifc export returns a STEP file; its header carries a timestamp so only length and header are asserted (18.4882ms)
✔ drawing-pdf export renders the active sheet with a sanitised file name and a PDF header (183.9219ms)
✔ drawing-pdf sheetId exports a non-active authored sheet on a throwaway view and refuses archived sheets (34.3093ms)
✔ material-pdf export is byte-stable, lists quantity rows and states that nothing was imported or synced (198.1304ms)
✔ sheet-register export reads the Sheets pane sidecar, is byte-stable and fails closed on sample or unverified sources (70.4868ms)
✔ unknown formats, project and revision mismatches and missing sources are rejected before anything is generated or downloaded (6.2124ms)
✔ without a download handler the receipt reports downloaded: false, and a custom digest is used for sha256 (35.3724ms)
✔ a CRLF checkout and an LF checkout produce identical bytes (2.8799ms)
✔ blank and whitespace-only lines are dropped (0.3337ms)
✔ leading and trailing spaces are trimmed from every line (0.1403ms)
✔ the output never contains a double space (0.4377ms)
✔ only ASCII whitespace collapses, so the Rust equivalent cannot diverge (1.2512ms)
✔ a vertical tab survives normalisation and is refused, as it does in Rust (2.0207ms)
✔ ASCII-only input round-trips unchanged when it is already one line (0.3779ms)
✔ sections join the way lines do, and empty sections add no space (0.2352ms)
✔ a brief is refused when the normaliser was bypassed (0.2616ms)
✔ real MCP handshake discovers and calls a tool with its arguments (26.0786ms)
✔ tool failures remain MCP errors, never successful operations (3.172ms)
✔ raw MCP clients cannot bypass the professional authority gate (3.0084ms)
✔ a root with two children lays out left to right with the root centred on its children (1.8701ms)
✔ deep trees are capped at four levels and sixty nodes; labels are truncated with the full text kept (1.7503ms)
▶ corner resize
  ✔ matches the legacy top-right resize for in-range drags (1.6327ms)
  ✔ keeps the opposite corner fixed and grows or shrinks toward the dragged corner (0.342ms)
  ✔ never drops below the 300 px minimum, never leaves the viewport, and never slides the anchor (0.3843ms)
  ✔ honours custom minimums and collapses gracefully on a tiny viewport (0.2909ms)
✔ corner resize (3.7593ms)
▶ corner hit boxes
  ✔ places four 44 px boxes inside the panel and resolves pointer positions to corners (4.9502ms)
  ✔ shrinks boxes to fit a panel smaller than the hit size (0.3555ms)
  ✔ maps corners to the diagonal resize cursors (0.131ms)
✔ corner hit boxes (5.7864ms)
✔ compact default sits at bottom right and survives dragging/resizing at viewport edges (2.3868ms)
✔ persisted layout cannot strand controls after a smaller tablet viewport or malformed storage (1.2722ms)
✔ reference intent accompanies actual images and unsupported/oversized files fail before reading (0.6429ms)
✔ verdicts: read tools always run; edits depend on the mode and on chat grants (0.8707ms)
✔ intents are plain words from the arguments, never JSON (0.5465ms)
✔ the gate asks in ask mode and honours once / for-this-chat / deny / stop (65.8434ms)
✔ the pair carries the blocks and states that this is carried context, not a new instruction (3.5578ms)
✔ empty blocks are omitted and the sentinel still opens the entry (0.2187ms)
✔ a conversation with no pinned pair gains exactly two entries, at index 0 (0.9661ms)
✔ upsert is idempotent: calling twice leaves exactly two pinned entries at index 0 (0.2612ms)
✔ the array still ends with role 'user' after upserting, on every conversation shape (0.6197ms)
✔ upserting an empty conversation yields exactly the two pinned entries, user last (0.1277ms)
✔ a conversation ending on a model entry gains a closing user entry, and still only one pair (0.4733ms)
✔ the sentinel is matched exactly, so lookalike user text is never mistaken for the pinned pair (0.2429ms)
✔ creates a new price book from CSV text with the panel's provenance and a verified readback (36.0959ms)
✔ appends a new revision to an existing book by id, keeps its name and rejects archived or unknown targets (22.6915ms)
✔ a single bad row fails the whole import closed with the line errors and writes nothing (4.2992ms)
✔ oversized CSV text is refused before hashing or parsing (4.7761ms)
✔ mapping defaults from the headers and an explicit mapping override is honoured and echoed (11.2958ms)
✔ metadata is validated as the panel does and never defaulted from sample text (7.0109ms)
✔ stale, blocked or foreign sessions and a failed readback are refused without writing (37.4056ms)
✔ sha256 matches Node's digest and the change notification is dispatched only when a window exists (5.8176ms)
▶ switchProject refusals
  ✔ refuses while the chat is busy without touching the store or storage (8.697ms)
  ✔ refuses while the store is not hydrated, blocked, or not ready (1.0424ms)
  ✔ refuses when saving the open project fails (stale main key) and writes nothing else (8.5589ms)
  ✔ refuses an unknown or already-open target at the planning stage without writing (1.4859ms)
  ✔ refuses a target whose bytes do not parse, before any storage write (2.6528ms)
✔ switchProject refusals (23.6885ms)
▶ switchProject rollback
  ✔ rolls the shelf and registry back when the main-key write is stale, and leaves the store alone (1.4722ms)
  ✔ restores the shelf slot's previous bytes when the main-key write loses a race (two windows shelving the same project) (0.9649ms)
  ✔ rolls back when shelving itself throws (storage quota) (0.5664ms)
✔ switchProject rollback (3.3475ms)
▶ switchProject success
  ✔ opens a shelved project in order: save → shelve+index → CAS main key → free shelf → tab → index → block → reload (1.1587ms)
  ✔ creates a new project with the bytes saveFencingJob would write, and switching back restores the first (15.0469ms)
  ✔ reports a reload failure after the storage swap committed (0.8221ms)
✔ switchProject success (17.3653ms)
▶ project rows and tabs
  ✔ lists the open project first with its live name, then the rest newest first (0.5075ms)
  ✔ resolves tab names and drops ids that are neither open nor indexed (0.2343ms)
✔ project rows and tabs (0.9145ms)
✔ tool metadata matches the wiring contract (1.796ms)
✔ success captures the requested viewer, binds the view to the project and source, stores the render in session memory and returns a receipt with the image (11.5558ms)
✔ architect captures carry the design revision, no source sha and no camera when the recorded view does not match (1.0622ms)
✔ native shell refuses before capture; invalid arguments are reported as tool errors (1.9491ms)
✔ project mismatch before capture, project change after capture and a change during the render all refuse and store nothing (1.5656ms)
✔ route failure surfaces its message through the tool wrapper and keeps the previous render (2.0023ms)
✔ capture results that are errors, malformed, mismatched or oversized are refused before any transport (1.9921ms)
✔ transport identity checks reject mismatched id, project, image hash and request digest (2.5457ms)
✔ browser transport posts the validated request, propagates route errors and rejects a digest mismatch; native short-circuits (71.1127ms)
✔ headings, lists, paragraphs, tables, quotes, rules and fences become blocks with no raw markers (5.6262ms)
✔ inline parsing keeps bold, code, links and turns entity IDs into chips (0.6393ms)
✔ mind maps parse indented outlines and bullets into a tree with the first line as the root (0.6334ms)
✔ tidying removes faces but keeps architectural emoji, and unwraps LaTeX-style maths (1.9963ms)
✔ heading icons map architectural words; unknown headings get none; warnings win (0.785ms)
✔ quoteForReply produces a bounded Markdown quote (0.5478ms)
✔ plain text without markdown is one paragraph; the eight-step pause text stays intact (0.515ms)
✔ numbered lists become options without their markers (3.1796ms)
✔ every supported marker style is recognised when the reply asks for a choice (0.8789ms)
✔ numbered recaps, receipts and handover-style notes without a question never become pills (0.2295ms)
✔ bullet lists count only after a question or a choose/options/would-you-like cue (0.3306ms)
✔ markdown emphasis is stripped, labels are short and sends are capped at 160 characters (0.5802ms)
✔ lists longer than eight items, receipts and JSON lines are ignored (0.3919ms)
✔ questions are collected even when there are no options, and duplicates collapse (0.2315ms)
✔ suggestions after a drawing offer 3D, DXF, undo and the select-a-shape pill (0.5337ms)
✔ model pane suggests describing the part and a real-life view on the web only (0.2588ms)
✔ images offer a reference pill and no canvas means no select-a-shape pill (0.2995ms)
✔ latest reply image comes from the trailing non-user entries only (0.3035ms)
✔ the composed manual is the safety rules followed by the authored context brief (4.846ms)
✔ the native brief includes the same five sections in the same order (0.7154ms)
✔ the native composition appends the brief to the safety manual with one space (0.7245ms)
✔ web and native providers hold identical safety rules (0.4095ms)
✔ drawing edits and save require explicit permission; new or destructive tools fail closed (0.2157ms)
✔ skills expose usable editable workflows and retain evidence limits (0.2028ms)
✔ input schemas are strict and reject unknown keys, bad geometry, non-positive distances and blank actors (10.7298ms)
✔ calibrateSheet runs the two-point sequence, locks with source-page coordinates and reads the scale back (39.8658ms)
✔ calibrateSheet fails closed before touching the store: sample source, wrong project or revision, missing page, busy pane, foreign provenance (4.4669ms)
✔ calibrateSheet surfaces the store's own errors verbatim and leaves the Measure pane tidy (7.5162ms)
✔ calibrateSheet records a conflicting manual candidate but refuses to lock over the conflict (4.2906ms)
✔ traceRun draws through the Measure tool, identifies the run by id diff and reads its lengths back from the record (16.6167ms)
✔ traceRun refuses samples, unlocked and legacy sheets, zero-length segments and invalid specifications without inventing a run (3.0024ms)
✔ reviewTakeoffItem approves or rejects runs and gates with the item revision and reports blockers alongside (9.8297ms)
✔ removeTrace removes the run and its located items only with the current item revision (4.1388ms)
✔ the real studio store accepts the port and runs calibrate, trace, review and remove end to end (9.8184ms)
✔ receipts become plain sentences with counts, revisions, files and hashes — never JSON (2.0163ms)
✔ running, failed and plain-text results are described without dumping the text (1.4175ms)
✔ level, footprint, slab and roof operations produce validated storey geometry with resolvable refs (28.9825ms)
✔ extrude draws a three-storey 20 m by 12 m wireframe: new levels, walls per storey, slabs and one top roof (4.6858ms)
✔ wireframe operations reject bad geometry and unknown levels without touching the project (8.0754ms)
✔ structure tool is a static, permission-free reference that lists wireframe operations and what is not available (4.4696ms)
✔ source building tool validates its query, binds to the project and forwards to the reader (1.9135ms)
✔ source building summary filters by storey and category, omits meshes and keeps evidence states per part (52.5663ms)
✔ ingested filename/hash do not confer revision, governing status or professional authority (53.2631ms)
✔ governing source selection binds purpose, status, revision and hash; superseded never governs (1.0656ms)
✔ project switch, stale design, source replacement and pending action prevent execution (1.224ms)
✔ app editing permission never supplies professional approval or external issue authority (6.1273ms)
✔ unknown source governance and decision owner allow internal setup and illustrative drafting (0.986ms)
✔ findings distinguish inference from observations and require a reproducible calculation method (3.7092ms)
✔ revision change invalidates conclusions without rewriting evidence or silently closing work (0.8033ms)
✔ audit event hash binds payload, project, predecessor and sequence (8.6089ms)
✔ sample sources are reported as not organisable; imported sources list pages with evidence counts (31.7143ms)
✔ sheet actions rename, archive and recover through the shared sidecar with identity and state checks (4.5549ms)
✔ takeoff evidence lists calibration, traces, items and blockers per sheet without inventing quantities (0.9257ms)
✔ price book summary reports books, revisions and worksheet lines but no rate rows (7.4794ms)
✔ sheet tools bind to the project, notify the Sheets pane and fail closed without storage (3.4182ms)
✔ takeoff, price book and backup tools bind to the project and verify the backup identity (1.748ms)
✔ architecture is routed through selection, context, mount and current design before execution (4.7301ms)
✔ a failed, stale, foreign or pending-draft read cannot satisfy design prerequisites (0.4577ms)
✔ each mutation invalidates old readback, model and capture receipts; only current real pixels complete it (0.5212ms)
✔ route switches cannot discard outstanding authored verification (2.2595ms)
✔ context/source revision changes invalidate source and target-sheet takeoff prerequisites (1.0779ms)
✔ rendering requires pixels of the requested view and does not certify geometry (0.2333ms)
✔ export requires current design or source register, and a real delivery receipt (0.2816ms)
✔ actual errors stop completion nudges; a successful retry of that tool clears its failure (0.2217ms)
✔ discussion does not force geometry actions, while an architectural task cannot claim an edit without one (0.1891ms)
✔ capability reference derives the batch limit from the live draw schema (12.5022ms)
▶ read-only backup restore impact
  ✔ validates originals, inventories exact addresses and leaves every byte/record untouched (180.7427ms)
  ✔ preserves global reference rates by default and identifies explicitly requested global removal (264.9626ms)
  ✔ shows target collisions and null-record removal without changing unrelated current-project modules (269.5052ms)
  ✔ marks legacy omitted sheet/pricing records unsupported instead of assuming deletion (127.5595ms)
  ✔ rejects corrupt backup originals and modules before reading any destination (26.6855ms)
  ✔ blocks a plan ID reused for different valid bytes, even with a truthful new stored hash (7.7769ms)
  ✔ checks photo metadata as well as actual bytes; a claimed hash does not conceal corruption (147.2855ms)
  ✔ reports absent destination originals as additions without inserting them (93.2037ms)
  ✔ blocks missing originals referenced by the current job even when the incoming backup contains them (98.9535ms)
  ✔ checks current-job original expectations separately from incoming expectations (266.2071ms)
  ✔ blocks corrupt and wrong-owner destination modules while preserving their exact contents (144.9025ms)
  ✔ detects destination changes during asynchronous review (42.5993ms)
  ✔ rejects an earlier fingerprint after a target value changes, and accepts an unchanged repeated review (180.1482ms)
  ✔ blocks a saved main job newer than the open workspace and storage-read failures (65.8508ms)
✔ read-only backup restore impact (1923.402ms)
✔ valid evidenced triangles project from actual coordinates; no generated core, walls or grids (12.7151ms)
✔ rejects malformed triangles and missing source evidence before canvas rendering (9.8189ms)
✔ all views are NTS with honest projection names; no upper storey is fabricated (1.7062ms)
✔ rejects invalid and nonascending level schedules (1.694ms)
✔ headless generation fails explicitly instead of returning mock PNG bytes (0.7942ms)
✔ drawing instructions mark every sheet as illustrative and preserve all 52 level labels (20.4527ms)
✔ missing 2D context is an explicit generation error (0.7146ms)
✔ PDF is parseable A4 landscape with real embedded PNG streams and honest metadata (32.0445ms)
✔ PDF rejects empty pages, fake bytes, wrong media, and invalid dates (1.1155ms)
✔ createBlueprintSheet procedurally draws blueprint borders, title block and exports PNG data (2.5821ms)
▶ job-to-BOM compiler
  ✔ rejects general runs even when retained fence attributes match a valid recipe (87.9941ms)
  ✔ rejects preserved imported legacy calibration even when locked and approved (3.8383ms)
  ✔ compiles an approved, verified job into sorted integer-millimetre input (4.3208ms)
  ✔ fails closed for runtime originals and stale lengths (1.9423ms)
  ✔ rejects structurally invalid approval attribution before compilation (2.083ms)
  ✔ blocks unresolved recipe assumptions instead of applying a default (2.302ms)
  ✔ treats the approved bay width as input and the recipe maximum as a hard capability (2.6655ms)
  ✔ copies exact typed gate hardware facts from one supported recipe model (25.072ms)
  ✔ shares exact same-sheet endpoints and T-junction vertices independent of run order (53.3242ms)
✔ job-to-BOM compiler (186.152ms)
▶ SC-07 BOM contract
  ✔ strictly rejects unknown fields and non-canonical decimals (129.3875ms)
  ✔ accepts every frozen request, response and blocker fixture (391.5788ms)
  ✔ excludes requestId and inputDigest from the canonical digest (50.3596ms)
  ✔ rejects overlapping gate openings at the contract boundary (7.1519ms)
  ✔ requires a calibration on every used run sheet (1.7618ms)
  ✔ freezes the audited A-I worked quantities rather than old global formulas (2.0385ms)
  ✔ requires typed gate hardware counts and explicit material capabilities (63.0507ms)
  ✔ rejects ambiguous, zero-increment and unit-mismatched allowances (27.2354ms)
  ✔ never admits pricing or Looplet fields on BOM lines (71.0029ms)
  ✔ retains an import-safe compiler API (0.5695ms)
✔ SC-07 BOM contract (746.717ms)
▶ SC-07F BOM persistence adapter
  ✔ saves, reloads and clears exact validated bytes under a versioned job key (72.5083ms)
  ✔ uses collision-safe job-specific keys (0.6144ms)
  ✔ never falls back to fabricated state for corrupt, unknown or cross-job bytes (16.4101ms)
  ✔ validates before touching storage (8.9953ms)
  ✔ restores the exact previous bytes when setItem mutates and then throws (3.5872ms)
  ✔ removes a partially-created key when the first write fails (33.7755ms)
  ✔ restores cleared bytes when removeItem mutates and then throws (84.3283ms)
  ✔ reports when even rollback cannot preserve previous bytes (91.5374ms)
  ✔ fails closed when storage is unavailable or throws on read (67.1966ms)
✔ SC-07F BOM persistence adapter (388.1413ms)
✔ SC-07B emits the frozen colorbond golden response (58.4155ms)
✔ SC-07B emits the frozen timber-paling golden response (32.9383ms)
✔ SC-07B emits the frozen chain-wire golden response (109.2034ms)
✔ SC-07B emits the frozen concrete-allowance golden response (83.1091ms)
✔ SC-07B distributes A, D and E spans deterministically before cover rounding (83.7866ms)
✔ SC-07B preserves exact H rational stages before display and increment rounding (31.2564ms)
✔ SC-07B merges exact B/C topology nodes while keeping separate sheet identities (125.0464ms)
✔ SC-07B fails closed on a changed digest, overlap and unknown fields (47.9545ms)
✔ SC-07B marks gate boundaries at segment starts, ends and across a full segment (84.4727ms)
✔ SC-07B counts only residual-span incidences whose winning chain-wire role is strainer (84.9461ms)
✔ SC-07B applies decimal factors and a single typed allowance exactly to non-concrete components (66.5635ms)
✔ SC-07B independently rejects unresolved referenced assumptions and allowances (285.0905ms)
✔ SC-07B calculation prose reconciles aggregate multi-run and multi-gate facts (37.6383ms)
▶ SC-07F durable BOM state
  ✔ commits a successful response with every immutable binding atomically (211.9719ms)
  ✔ rejects stale request identities and expected job revisions without changing state (15.7272ms)
  ✔ rejects every mismatched success binding without a partial commit (7.0567ms)
  ✔ records source, recipe, ruleset and job invalidation reasons deterministically (4.0218ms)
  ✔ cancels an obsolete pending build so out-of-order completion cannot win (23.3468ms)
  ✔ lets the newest request identity win regardless of callback completion order (3.4863ms)
  ✔ retains and marks the last snapshot stale when a bound source changes (7.145ms)
  ✔ marks an existing snapshot stale atomically when a changed request begins (4.7874ms)
  ✔ preserves the previous snapshot across domain, transport and contract failures (26.0953ms)
  ✔ rejects null or wrong domain-failure digests against an active bound request (93.3886ms)
  ✔ round-trips the full validated envelope and fails closed on migrations or unknown fields (104.409ms)
✔ SC-07F durable BOM state (504.4305ms)
▶ studio durable BOM integration
  ✔ begins and atomically commits only the response bound to the active job revision (52.4793ms)
  ✔ marks the retained snapshot stale as soon as the job revision changes (59.3421ms)
  ✔ retains but invalidates the snapshot when recipe decisions change (8.7456ms)
  ✔ rejects a late completion after the active job changes (59.0358ms)
  ✔ retains historical engine snapshot but cancels and rejects pending output after a source switch (68.6818ms)
  ✔ refuses to start a request compiled from a stale job or source (6.4639ms)
✔ studio durable BOM integration (256.7787ms)
▶ Tauri BOM adapter
  ✔ passes the exact inspected source bytes beside the request JSON (2.5659ms)
  ✔ uses the exact status command and fails before invoking when already aborted (1.2349ms)
  ✔ sends targeted cancellation while the matching invocation is pending (3.8935ms)
  ✔ BR-012 BR-031 keeps concurrent cancellation keyed to only the matching request (4.4838ms)
  ✔ rejects an invalid request id without calling Tauri (0.5191ms)
  ✔ BR-024 keeps BOM invocation on its own command and rejects null or absent results (82.5946ms)
✔ Tauri BOM adapter (97.3453ms)
✔ BR-001 BR-002 BR-004 rejects wrong schema, unknown fields, and changed input before invoking the adapter (64.9519ms)
✔ BR-005 BR-006 BR-007 validates exact request, digest, document, job, recipe, and ruleset identity (92.3371ms)
✔ BR-005 response_request_id_must_match rejects both outer and inner correlation mismatches (5.6884ms)
✔ BR-007 source_bindings_round_trip rejects every changed immutable binding field (56.1109ms)
✔ BR-003 BR-015 BR-016 BR-020 validates a closed, strict, sanitised transport envelope (39.9772ms)
✔ BR-015 typed_error_parser_is_exhaustive and preserves each valid IPC error distinctly (365.4045ms)
✔ BR-020 error_ui_does_not_render_sensitive_detail rejects every unsafe IPC detail class (168.7798ms)
✔ BR-008 accepts exact request-byte boundary and rejects boundary-minus-one before invocation (149.8138ms)
✔ BR-009 accepts exact response-byte boundary and rejects boundary-plus-one (134.867ms)
✔ BR-011 timeout aborts the adapter and returns a typed timeout (190.7981ms)
✔ BR-012 cancellation is distinct from timeout and aborts the adapter (84.633ms)
✔ BR-012 BR-028 cancellation wins over a late success while current-binding validation is pending (34.3269ms)
✔ BR-011 timeout wins promptly while current-binding validation is pending (85.4364ms)
✔ BR-014 pending invocation does not block the event-loop heartbeat (67.1289ms)
✔ BR-021 BR-025 BR-026 runtime status and web behavior are truthful (33.2489ms)
✔ BR-023 BR-028 BR-031 stale source hook rejects a valid old completion (20.6673ms)
✔ BR-024 BR-032 preserves a valid kernel-domain failure inside a successful transport (15.1133ms)
✔ BR-030 retry changes request identity but keeps canonical digest and source binding (3.6831ms)
✔ BR-033 BR-034 rejects commercial and path fields before the fake adapter runs (7.9303ms)
✔ BR-033 transport_payload_rejects_forbidden_commercial_fields at nested request and response boundaries (86.9139ms)
✔ BR-035 transport tests use only an injected in-memory adapter (38.7903ms)
✔ twelve presets include required palettes and cycle exactly once (1.6222ms)
✔ rejects malformed persisted colours and out-of-range/nonfinite controls (0.5125ms)
✔ preferences roundtrip, storage corruption falls back, save failure stays explicit (1.2637ms)
▶ calibration units and geometry
  ✔ converts every supported input unit to metres (0.9659ms)
  ✔ round-trips points through an explicit rotated, scaled and translated transform (0.8392ms)
  ✔ derives a two-point scale from canvas points and explicit input units (10.9689ms)
  ✔ rejects zero-length points, singular transforms and inconsistent converted distances (1.0576ms)
✔ calibration units and geometry (14.8801ms)
▶ calibration candidate trust and locking
  ✔ creates declared and inferred scale candidates with auditable provenance (0.567ms)
  ✔ selects deterministically when candidates agree within tolerance (0.5596ms)
  ✔ detects conflicts independent of input order and requires explicit resolution (0.9497ms)
  ✔ treats the exact relative tolerance boundary as agreement (10.1498ms)
  ✔ enforces candidate, selection, conflict and lock invariants (0.6188ms)
✔ calibration candidate trust and locking (13.2845ms)
▶ page-specific job calibration contract
  ✔ retrieves calibration only for its page and rejects duplicate page records (53.0991ms)
  ✔ migrates unlocked and valid locked version-1 calibration records (1.3341ms)
✔ page-specific job calibration contract (54.6436ms)
▶ PlanCanvas calibration coordinates
  ✔ round-trips plan document coordinates through zoomed and panned canvas space (1.0435ms)
  ✔ preserves the elevation canvas's inverted vertical document axis (0.2192ms)
✔ PlanCanvas calibration coordinates (2.3675ms)
▶ PlanCanvas calibration interaction precedence
  ✔ captures calibration before pan or trace gestures (0.2916ms)
  ✔ keeps the existing pan and trace behavior when capture is inactive (0.1362ms)
✔ PlanCanvas calibration interaction precedence (0.6222ms)
▶ calibration panel trust states
  ✔ derives only locked calibrations as trusted (0.885ms)
  ✔ renders candidate comparison and explicit conflict guidance without implying trust (97.0576ms)
  ✔ exposes capture progress and replaces lock controls after a trusted lock (3.4562ms)
✔ calibration panel trust states (102.7672ms)
▶ studio calibration store
  ✔ preserves imported legacy evidence and rejects lock, retrace and recalibration authority (9.928ms)
  ✔ isolates locked scales per page and loads only the current page scale (7.839ms)
  ✔ requires explicit resolution before conflicting candidates can be locked (4.1738ms)
  ✔ captures exactly two points and creates or updates a manual candidate (4.7723ms)
  ✔ fails closed for metric markups until the current page calibration is locked (1.4101ms)
  ✔ uses the locked calibration itself for length and area measurements (3.5169ms)
  ✔ round-trips the page calibration through the durable job schema (16.098ms)
✔ studio calibration store (49.4505ms)
▶ resolveMenuTarget
  ✔ finds the plan entity under the cursor and an empty plan area (2.0603ms)
  ✔ reads the design revision for the live 3D canvas (0.2922ms)
  ✔ reads the viewer's selected part from the model canvas and ignores its toolbar (0.2963ms)
  ✔ targets the sheet surfaces of the measure workspace only (0.1978ms)
  ✔ leaves everything else to the browser (0.1332ms)
✔ resolveMenuTarget (4.2516ms)
▶ resolvePickTarget
  ✔ resolves plan entities immediately and defers model clicks to the viewer selection (0.2633ms)
  ✔ accepts a changed selection at once but an unchanged one only after it settles (0.1332ms)
✔ resolvePickTarget (0.5869ms)
▶ menuItemsFor
  ✔ offers every AI action for an entity, in order, and never sends anything itself (0.4993ms)
  ✔ hides the web-only render item in the native shell (0.2111ms)
  ✔ gives view targets the view set only (0.2074ms)
  ✔ adds a disabled 'select a part first' line when the model has no selection (0.1759ms)
✔ menuItemsFor (1.3719ms)
▶ captions and view references
  ✔ captions entities, parts and views so the user sees what will be referenced (0.2039ms)
  ✔ summarises the design cheaply and falls back when the workspace cannot be read (0.2181ms)
✔ captions and view references (0.5322ms)
▶ clampMenuPosition
  ✔ keeps a menu that fits where the pointer is (0.1728ms)
  ✔ pulls the menu back inside the right and bottom edges (0.0524ms)
  ✔ never leaves the top-left margin, even for a menu larger than the viewport (0.0915ms)
✔ clampMenuPosition (0.4237ms)
▶ right-drag rule
  ✔ opens for a still right-click and not for a pan (0.177ms)
  ✔ treats a missing or stale press as a keyboard-invoked menu (0.0666ms)
✔ right-drag rule (0.3222ms)
▶ keyboard navigation
  ✔ wraps arrow keys and jumps with Home and End (0.1283ms)
✔ keyboard navigation (0.1847ms)
✔ transfer flutter pulses at lift and arrival and settles before scribbling (1.2102ms)
✔ each beat scribbles for 0.2 seconds then eases through its orbital transfer (0.2624ms)
✔ pencils retain distinct cadences instead of rejoining one synchronized beat (0.3359ms)
✔ five upright pencils follow real transformed edges with deterministic seek and clean disposal (60.9679ms)
✔ wall sections preserve a real doorway void while its overhead lintel remains excluded (7.0995ms)
✔ clean plans retain true Redburn floor/start coordinates and stairs while omitting decorative triangles (2131.1709ms)
✔ missing floors and invalid triangle coordinates do not create artificial plan geometry (0.7975ms)
▶ ComponentsPane & Evidence-Backed Component Inspector
  ✔ initializes with demonstration dataset of 12 connections and 48 bolts (total 60) (11.2791ms)
  ✔ selects components and exposes multi-view evidence bindings (9.1477ms)
  ✔ filters inventory by discipline, category, and search query (5.4753ms)
  ✔ supports ad-hoc trade additions and removals without corrupting component hierarchy (21.1541ms)
  ✔ resets demonstration inventory cleanly on user command (17.2459ms)
  ✔ persists inventory mutations and reloads them via store persistence actions (41.5604ms)
  ✔ failed restores set inventoryPersistenceError and preserve unreadable data in storage (6.4766ms)
  ✔ hierarchical category filtering allows fastener filter to show all 48 bolts under their parent connections (7.7347ms)
  ✔ verifies evidence drawing document before sheet navigation and flags unimported plans (5.6561ms)
  ✔ dynamically flags unresolved engineering properties and updates RFI metric (14.0478ms)
✔ ComponentsPane & Evidence-Backed Component Inspector (141.8526ms)
✔ AI append persists proposals without counting stock or approving coverage (10.3937ms)
✔ AI rejects response against a stale inventory revision, wrong source or nonexistent page (5.7664ms)
✔ AI backup retains run, regions, source, decisions and material provenance (10.8473ms)
✔ old backups without AI field load as an empty queue (0.3653ms)
✔ AI material draft preserves null dimensions and unsupported storage (0.6562ms)
✔ linking another AI observation never doubles a physical quantity (1.6399ms)
✔ duplicate tagged physical scopes cannot be added under different record IDs (1.3448ms)
✔ AI exclusions require reason and pending proposals block sheet signoff (0.7942ms)
✔ AI decisions must reference existing materials with matching source evidence (0.7019ms)
✔ malformed AI properties, unsupported mass, fractional each and off-page regions rejected (3.1404ms)
✔ desktop structured-output schema stays identical to validated web schema (1.7525ms)
✔ benchmark penalizes misses, duplicates, wrong quantities and unquantified detections (0.6639ms)
✔ benchmark never adds metres to kilograms; empty denominators remain unmeasured (0.3263ms)
✔ source floor ranges yield 252/209 entrance allowances and unknown windows/structure (6.7728ms)
✔ pack count rounds up while specified weight uses actual items, with incomplete coverage (0.968ms)
✔ weight can be known independently of dimensions; unknown is distinct from explicit zero (0.7232ms)
✔ changed quantities/specifications invalidate review and advance revisions (0.7962ms)
✔ invalid counts, duplicate groups and undocumented stock inputs fail validation (3.9561ms)
✔ save and restore preserve edits and isolate projects (1.6444ms)
✔ unreadable/future/foreign snapshots remain byte-identical under ordinary save (5.2717ms)
✔ concurrent edits block stale overwrites; failed writes preserve original and can retry (1.0623ms)
✔ bundled real PDF matches the frozen source identity (3.9194ms)
✔ bounded physical count reconciles to eight independently traced beam pairs (1.3661ms)
✔ lesser nominal depth and schedule boundaries control the count (0.4449ms)
✔ different record IDs cannot duplicate a physical beam end (0.3662ms)
✔ additional drawing evidence never creates another bolt (0.2653ms)
✔ unreadable, newer and wrong-source snapshots are preserved and block ordinary saves (7.0982ms)
✔ save/reload retains review, note and revision; duplicate reviews fail (1.1681ms)
✔ blank approval, denied write and concurrent update cannot erase previous work (1.3862ms)
✔ export includes physical IDs, evidence, issue, exclusions and unknown material quantities (0.6811ms)
▶ construction universal quantities
  ✔ electrical counts need evidence and no calibration or fence fields (23.8359ms)
  ✔ measures plumbing polyline length with evidenced deductions (14.1181ms)
  ✔ measures flooring area independently of polygon winding (2.7488ms)
  ✔ concrete volume requires explicit cross-document evidenced depth (2.4221ms)
  ✔ supports verified native model volume with explicit units/property (17.9164ms)
  ✔ separates multiple trades and duplicate page numbers across documents (4.598ms)
  ✔ rejects missing/hash-mismatched/future source identity and out-of-range pages (6.684ms)
  ✔ rejects count item evidence pointing only to another document (0.7748ms)
  ✔ rejects duplicate count items within and across measurements (2.4565ms)
  ✔ rejects zero/negative/nonfinite/inconsistent or unevidenced scale (27.5552ms)
  ✔ rejects absent/zero/negative/unevidenced depth without guessing (6.2904ms)
  ✔ rejects self-crossing, overlapping, degenerate and repeated polygon vertices (1.0827ms)
  ✔ rejects wrong-unit, excessive and fractional-count deductions (1.0515ms)
  ✔ rejects forged results, stale review, missing evidence, nonfinite coordinates and extra keys (24.3795ms)
  ✔ rejects finite input whose calculated quantity overflows supported bounds (0.852ms)
  ✔ keeps currency rates exact and final amounts in integer minor units (3.3798ms)
  ✔ rejects internally consistent quantities with stale job or altered provenance (4.3877ms)
✔ construction universal quantities (148.6536ms)
▶ independent verification regressions
  ✔ binds native volume to the exact measured and evidenced model property (2.6204ms)
  ✔ rejects positive length, area and volume underflow rather than certifying zero (1.3748ms)
✔ independent verification regressions (4.6562ms)
▶ construction revision lifecycle
  ✔ preserves immutable source/evidence/calibration identity (4.0267ms)
  ✔ requires rereview after operand or work-package changes (1.3956ms)
  ✔ allows review-only transitions and rejects lost history/revision conflicts (1.5579ms)
✔ construction revision lifecycle (7.2424ms)
▶ non-writing legacy fencing import
  ✔ preserves complete v1 and v2 originals, IDs, revisions, assets and historical snapshots (23.857ms)
  ✔ rejects corrupt and future jobs without writing or accepting partial data (2.1665ms)
✔ non-writing legacy fencing import (26.2323ms)
▶ Evidence-Backed Component Inventory Schema (xray.component-inventory/v1)
  ✔ proves multi-view deduplication: 1 physical bolt appearing on plan, section, and detail (28.6719ms)
  ✔ solves the 12 connections * 4 bolts = 48 bolts problem deterministically (21.6664ms)
  ✔ isolates display marks: renaming B1 does not mutate stable IDs or break evidence links (0.8241ms)
  ✔ propagates assembly rule updates deterministically: changing 4 bolts to 6 bolts yields 72 bolts (25.712ms)
  ✔ captures unresolved properties explicitly without hallucinating missing values (1.0078ms)
  ✔ rejects duplicate physical components sharing the same stableIdentifier even with different instance IDs (1.6348ms)
  ✔ preserves surviving components in place (retains custom display mark, section evidence, review, and revision 3) when assembly rule updates from 4 to 6 bolts (2.1473ms)
  ✔ updates rule-derived properties (e.g. M20 to M24, and unresolved embedment requirement) across all surviving components while preserving custom marks and evidence (11.4006ms)
✔ Evidence-Backed Component Inventory Schema (xray.component-inventory/v1) (95.3353ms)
▶ assembly rule reconciliation
  ✔ clears resolved rule requirements while retaining component-specific flags and evidence (17.6441ms)
  ✔ advances materially changed components and marks their previous review stale without losing annotations (41.9569ms)
  ✔ requires re-review when missing requirements or rule-derived positions change (33.7409ms)
✔ assembly rule reconciliation (93.9586ms)
▶ Component Inventory Persistence (xray:component-inventory:v1)
  ✔ round-trips exact validated inventory via storage (53.7877ms)
  ✔ returns not-found when storage has no entry for the job (0.2408ms)
  ✔ fails closed and rejects corrupted JSON without crashing (0.1759ms)
  ✔ fails closed on schema version mismatch or invalid schema structure (0.1529ms)
  ✔ preserves previous valid snapshot if a subsequent write fails (8.3278ms)
  ✔ clears component inventory cleanly (8.1215ms)
✔ Component Inventory Persistence (xray:component-inventory:v1) (72.2793ms)
▶ inventory restore protection through real store actions and autosave
  ✔ preserves unsupported-version bytes through hydration, edits, autosave, explicit save and retry (61.995ms)
  ✔ preserves invalid-json bytes through hydration, edits, autosave, explicit save and retry (22.6735ms)
  ✔ preserves invalid-schema bytes through hydration, edits, autosave, explicit save and retry (46.1746ms)
  ✔ unblocks only after a successful restore and persists the next edit across reload (44.5281ms)
  ✔ keeps recovery blocked if explicit demo replacement fails, then permits a successful replacement (52.8646ms)
  ✔ reports ordinary write failures and retries without treating them as failed restores (18.4282ms)
✔ inventory restore protection through real store actions and autosave (248.6456ms)
✔ stock packages round up; unit weight differs from full-package weight (5.1232ms)
✔ decimal bulk units avoid spurious extra packs while partial packs still round up (0.5039ms)
✔ empty and unknown material list cannot report a complete zero total (0.6191ms)
✔ weight can be specified without packing dimensions; package weights need capacity (0.2963ms)
✔ a stock quantity specified in kg is already a weight; no density is inferred (0.9838ms)
✔ duplicate stock codes/IDs, invalid quantities and missing sources are rejected (1.7571ms)
✔ edits advance revision and reject a stale material editor (0.7862ms)
✔ CSV preserves quantities, escaping, unknown blanks and source identity without formulas (0.5796ms)
✔ validated v1 upgrade preserves existing rows/reviews/stock and does not write on restore (5.0495ms)
✔ malformed v1 and invalid v2 material collections fail closed (1.5472ms)
✔ all supplied pages tracked; identical source bytes do not double source coverage (6.8687ms)
✔ another source revision has independent sheet coverage (1.3631ms)
✔ material quantities, solid volume, packaged storage and mass are separate (4.9763ms)
✔ unknown mass/packaging remains null; m3 quantity already represents material volume (0.8833ms)
✔ physical scope deduplication ignores record IDs and letter case (2.3248ms)
✔ material changes invalidate review and increment revision without dropping evidence (7.0323ms)
✔ negative quantities, unsupported evidence and unproven approvals fail (2.1139ms)
✔ repeated text matches only increment mentions, never physical quantities (4.031ms)
✔ zero-text page explicitly needs visual review; pending mentions block sheet signoff (0.8598ms)
✔ linking repeated evidence does not inflate stock; exclusion needs reason; rescans preserve dispositions (1.5128ms)
✔ unreadable future or wrong-project snapshots cannot be overwritten by ordinary saves (1.3579ms)
✔ persistent restore, rejected writes, and concurrent changes preserve previous bytes (5.3443ms)
✔ backup roundtrip validates project, schema, all evidence and physical identity (1.6092ms)
Warning: TT: undefined function: 5
✔ real structural PDF text discovers multiple material families across all 23 sheets (1928.5691ms)
✔ physical dimensions require evidence and never imply solid or shipping volume (1.8823ms)
✔ text rescans cannot erase locally recognized image evidence (0.8081ms)
✔ linking another view invalidates review of every affected evidence sheet without changing quantity (1.0957ms)
✔ real prepared schedule: 40 door marks, 37 swinging leaves, five overhead assemblies and 35 frames (41.5822ms)
✔ unique RTU tag appears in three views but counts once; scheduled mass stays separate from shipping (35.4295ms)
✔ prepared import is idempotent and preserves edits to an existing physical item (23.3711ms)
✔ flat materials export retains dimensions, actual drawing hashes, unresolved detail and formula protection (28.0469ms)
▶ general construction run quantities
  ✔ starts source projects with general runs and follows existing fencing jobs (37.6053ms)
  ✔ requires general dimensions and references without fence requirements; legacy stays strict (4.2313ms)
  ✔ calculates all three bases from calibrated geometry, ignoring stale stored length (1.645ms)
  ✔ withholds quantities for missing originals, unlocked or foreign calibration, and incomplete dimensions (4.1064ms)
  ✔ persists general fields and revisions; edits invalidate review and reject stale updates (3.8246ms)
✔ general construction run quantities (53.013ms)
✔ CSV parser handles BOM, CRLF, embedded commas/newlines and doubled quotes (2.521ms)
✔ new exported CSV round-trips formula escapes and literal apostrophes losslessly (14.5876ms)
✔ template, unknowns and all supported units import without inferring numbers (1.0406ms)
✔ CSV rejects duplicate codes/headers, unknown columns and other drawing identity (17.1939ms)
✔ invalid CSV fails the entire import with record-specific errors (20.7ms)
✔ CSV additions preserve counts; explicit updates retain IDs and advance changed revisions (1.8511ms)
✔ a changed local session or stored snapshot cannot be overwritten by an old CSV preview (8.306ms)
✔ backup roundtrip and legacy exports retain notes, counts, references and IDs (24.1369ms)
✔ unsupported, foreign, extra or corrupt backup data is rejected (5.0065ms)
✔ restore preview remaps same-drawing project, resets review and shows removals (2.0645ms)
✔ explicit backup restore archives unreadable saved bytes before releasing recovery lock (2.4841ms)
✔ archive write failure prevents restore, and primary write failure preserves saved bytes (2.3301ms)
✔ restore refuses changed saved bytes and existing recovery archive IDs (3.1164ms)
✔ quantity draft contains observations but no invented rates or totals (1.6789ms)
✔ external handoff always fails closed and does not write browser state (0.6044ms)
✔ Crown Wharf model binds the original 36-page PDF and documented elevation range (266.4708ms)
✔ every storey can be isolated without losing its parts or leaking another floor (4.6748ms)
✔ invalid storey identity, order and membership fail before rendering (949.7225ms)
✔ legacy two-floor scenes retain their ground and upper filters (65.7759ms)
✔ diagnostics bound entries and message bytes without retaining source objects (2.1073ms)
✔ serialization does not execute getters or toJSON and handles cycles (0.3123ms)
✔ console forwarding, nested capture and restoration preserve other wrappers (0.4517ms)
✔ diagnostic recording cannot swallow original console exceptions (0.3404ms)
✔ a recorder logging again cannot recursively capture itself (1.9112ms)
▶ DXF document preview geometry
  ✔ converts LINE and closed LWPOLYLINE entities into bounded SVG paths (1.8923ms)
  ✔ reads classic POLYLINE and VERTEX sequences from Uint8Array bytes (0.3983ms)
  ✔ fails closed for malformed or unsupported ASCII DXF content (0.2048ms)
✔ DXF document preview geometry (3.7645ms)
▶ actual source viewport
  ✔ round trips landscape, portrait, nonzero crop origins, zoom/pan and mobile resize (1.46ms)
  ✔ keeps calibrated real landmark length invariant across the camera (0.3517ms)
  ✔ rejects invalid, absent and percentage-only source dimensions (3.4753ms)
  ✔ source mode cannot snap to hidden procedural geometry (0.3238ms)
  ✔ retains SVG root viewport margins when its aspect differs from viewBox (0.3419ms)
✔ actual source viewport (7.3332ms)
▶ source-bound document workspaces
  ✔ round-trips two source evidence packages and last pages through durable storage and JSON export/import (31.3046ms)
  ✔ preserves old v2 data without adding guessed coordinates or inactive evidence (1.233ms)
  ✔ verifies exact target bytes before preparing a switch, rejecting missing/tampered sources without changing current evidence (26.2748ms)
  ✔ rejects unfinished capture before loading and stale asynchronous selections after loading (0.7142ms)
  ✔ rejects source/page corruption in active annotations and archived workspaces (2.9104ms)
  ✔ persists actual store sketch/area commits, deletion, components and page selection with exact source points (6.1442ms)
✔ source-bound document workspaces (70.796ms)
▶ inspectPlanBytes
  ✔ inspects a PDF, hashes the real bytes, and counts page-tree leaves (35.2047ms)
  ✔ accepts minimal ASCII DXF and assigns one logical page (1.6132ms)
  ✔ accepts minimal SVG and preserves a supplied takeoff (2.3265ms)
Warning: Indexing all PDF objects
  ✔ gives every import a unique document id (52.2826ms)
  ✔ rejects empty and unsupported files (2.7161ms)
  ✔ rejects extension/content mismatches and bad magic (0.8403ms)
  ✔ rejects bytes beyond the 100 MB boundary before hashing (0.6811ms)
  ✔ fails conservatively when a PDF page tree cannot be counted (277.1589ms)
  ✔ rejects a PDF whose declared count contradicts its page tree (0.6555ms)
  ✔ counts the repository's compressed and uncompressed PDF fixtures (420.1851ms)
✔ inspectPlanBytes (796.1484ms)
✔ actual caroline complex PDF retains its original bytes and exact page identity (247.8967ms)
✔ actual ruffles complex PDF retains its original bytes and exact page identity (611.9658ms)
▶ fencing job domain
  ✔ round-trips the versioned default job (14.5068ms)
  ✔ fails closed for unknown schema versions (2.1683ms)
  ✔ requires v2 entity revisions and a resolvable active document (24.8028ms)
  ✔ requires review attribution and exact gate placement (3.4185ms)
  ✔ rejects malformed geometry and negative quantities (1.553ms)
  ✔ rejects duplicate calibrations for the same sheet (0.557ms)
  ✔ rejects duplicate trace IDs, broken gate associations and inconsistent enriched lengths (1.08ms)
  ✔ reports explicit quote-readiness blockers (4.6997ms)
  ✔ migrates version 1 records into the complete evidence contract (13.7399ms)
  ✔ validates corner, post, photo-link and revision topology (3.4634ms)
  ✔ reports complete gate and legacy-photo evidence blockers (0.4682ms)
✔ fencing job domain (72.4606ms)
▶ draftsman dock position
  ✔ clamps at both edges of the container (1.4432ms)
  ✔ never lets a dock wider than its container escape the left margin (0.2665ms)
  ✔ re-clamps a stored position when the container shrinks on resize (0.1624ms)
  ✔ treats non-finite candidates and margins defensively (0.1458ms)
  ✔ uses the legacy presets when nothing is stored (0.1252ms)
  ✔ drags by the pointer delta and clamps at both ends (1.4311ms)
  ✔ steps with the keyboard: arrows move 16px, Home/End jump, other keys are ignored (0.2356ms)
  ✔ round-trips through the v1 storage envelope (0.1813ms)
  ✔ ignores invalid stored values (0.2288ms)
  ✔ reads and writes localStorage-like stores and swallows failures (0.3522ms)
✔ draftsman dock position (5.9411ms)
▶ Elevation Stack Engine
  ✔ generates 1 floor when floors=1 in standing mode (1.1931ms)
  ✔ stacks 3 floors vertically with correct Z offsets and slab bands (1.5415ms)
  ✔ applies explode vertical separation between storeys (0.4175ms)
  ✔ dims non-active floors when activeFloor is specified (2.5262ms)
  ✔ generates datum elevation level lines (0.3577ms)
✔ Elevation Stack Engine (7.6245ms)
▶ truthful workbench host detection
  ✔ reports only an active Tauri bridge as desktop-capable (1.1284ms)
  ✔ BR-025 does not advertise the dormant legacy Electron runTakeoff bridge (0.2152ms)
✔ truthful workbench host detection (2.6652ms)
▶ photo evidence import
  ✔ hashes real bytes and produces matching v2 metadata/content (15.3839ms)
  ✔ generates a unique ID for each import (1.6783ms)
  ✔ accepts declared WebP content with a matching RIFF/WEBP signature (1.0826ms)
  ✔ accepts the exact 25 MiB boundary and rejects one byte beyond it before reading (208.664ms)
  ✔ fails closed for empty, unsupported, malformed, and type-mismatched files (1.2295ms)
  ✔ rejects invalid ordering and timestamps (0.523ms)
✔ photo evidence import (230.3278ms)
▶ photo content stores
  ✔ rehashes retrieved bytes instead of trusting stored hash metadata (58.2924ms)
  ✔ supports isolated memory CRUD and listing (1.7203ms)
  ✔ fails clearly when browser IndexedDB is unavailable (0.8161ms)
  ✔ creates a revocable object URL for verified content (10.8804ms)
✔ photo content stores (73.0471ms)
▶ revision-safe evidence commands
  ✔ approves/rejects atomically and rejects stale decisions (27.1555ms)
  ✔ invalidates approvals when specifications or linked evidence changes (6.1433ms)
  ✔ updates run and gate specifications atomically with deterministic revision events (4.1861ms)
  ✔ adds and updates bidirectional links while incrementing every mutated entity (1.8828ms)
  ✔ keeps photo order contiguous through reorder and remove (2.3908ms)
  ✔ rejects missing links and invalid patches without mutating the source (1.4711ms)
  ✔ caps revision history at 1000 events without reusing sequences (21.8218ms)
✔ revision-safe evidence commands (66.8346ms)
▶ studio specification and evidence commands
  ✔ updates run and gate specifications with caller-provided revisions (38.5762ms)
  ✔ adds, links, updates, reorders and removes metadata with contiguous order (10.9903ms)
  ✔ rejects a stale remove before touching binary storage (19.2095ms)
  ✔ fails an unavailable browser photo import atomically (8.0932ms)
  ✔ records exactly one global revision event for site, name, calibration and trace commands (5.3881ms)
  ✔ exposes atomic store approval commands and invalidates approval on geometry changes (4.8333ms)
  ✔ hydrates as one idempotent flight and revokes stale preview URLs (45.871ms)
  ✔ rehashes retrieved plan bytes against canonical document metadata (9.1613ms)
✔ studio specification and evidence commands (144.557ms)
▶ Solid Shaded Faces Engine
  ✔ should return an empty list of faces if showSurfaces is disabled (1.5542ms)
  ✔ should return an empty list of faces if showSrc is disabled (0.2027ms)
  ✔ should return only roof faces when showBld is false but showRoof is true (0.2725ms)
  ✔ should return only building faces when showRoof is false but showBld is true (0.2312ms)
  ✔ should scale building floors correctly with storeys property (2.0722ms)
  ✔ should use the correct skin colors (0.3259ms)
  ✔ should calculate correct vertical coordinates for 3D walls (0.2522ms)
✔ Solid Shaded Faces Engine (6.335ms)
▶ job-scoped fencing recipe persistence
  ✔ round-trips exact validated recipe decisions only for the owning job (54.2905ms)
  ✔ rejects corrupt, cross-job and digest-tampered bytes (7.3478ms)
  ✔ fails closed when storage cannot retain exact bytes (4.284ms)
✔ job-scoped fencing recipe persistence (70.606ms)
▶ SC-07H fencing recipe preparation
  ✔ creates a deterministic contract-valid candidate set and real digest (107.4995ms)
  ✔ starts every candidate real-world assumption unresolved and unattributed (4.8911ms)
  ✔ selects only an exact supported system/profile and fails closed otherwise (70.4986ms)
  ✔ accepts and reopens one assumption immutably with actor/time audit events (78.6558ms)
  ✔ rejects stale revisions and invalid or redundant transitions (13.0918ms)
✔ SC-07H fencing recipe preparation (282.3538ms)
✔ services precede reinforcement and pour; insulation precedes plasterboard (164.8366ms)
✔ one floor contains each requested trade and finite, uniquely named real components (49.3984ms)
✔ 0.1 second bursts have independent timing and stop exactly at finite queue end (0.6865ms)
✔ persistent ink endpoint equals the actual pencil nib and replay removes future strokes (11.5084ms)
✔ fifty coloured nibs use the same material colour as deposited surface hatching (79.0682ms)
✔ Nearby inspection follows a curved image-plane path with no forward travel at any sample (1.6606ms)
✔ Exactly 20 metres uses lateral motion, including a centred target (0.333ms)
✔ Far inspection retains a quarter approach with a rounded path (0.1925ms)
✔ An approach starting just beyond 20 metres stays outside that boundary (0.2932ms)
✔ Glide has a gradual start/stop and exact endpoints (0.2096ms)
✔ Nearby restriction follows the camera orientation rather than world Z (0.2027ms)
✔ assistant preserves the selected sheet only for the matching original document (1.0313ms)
✔ assistant rejects missing sources and pages outside the actual document (0.2535ms)
✔ high-rise floor identity survives camera recording and malformed IDs are rejected (6.6016ms)
✔ records actual structured camera only for the matching document and SHA (1.5548ms)
✔ published arrays are copied and immutable; recorded view stays separate from later orbit (0.4211ms)
✔ source replacement clears both views while same-source tab changes preserve them (0.2839ms)
✔ malformed projection, source or nonfinite camera cannot enter the session (0.3121ms)
✔ identical view does not republish while scene and options remain immutable (0.5004ms)
▶ project persistence
  ✔ persists a new project identity before separate libraries are saved and reuses it after reopen (17.7618ms)
  ✔ never initializes over corrupt work and reports unavailable project storage (0.5743ms)
  ✔ saves and loads a validated job (3.166ms)
  ✔ refuses a stale write when storage holds bytes the writer never saw and leaves them untouched (3.5498ms)
  ✔ accepts a write whose expectedRaw matches the stored bytes and returns the bytes it wrote (21.6159ms)
  ✔ treats an empty slot as the expected state for a first write, and a filled slot as stale for it (6.2866ms)
  ✔ still fails on a readback mismatch when the compare-and-swap check passed (0.9098ms)
  ✔ reports a read failure during the compare-and-swap check instead of writing blind (1.0744ms)
  ✔ fails closed when stored JSON is corrupt (0.7131ms)
  ✔ fails closed for an unknown schema version (1.0583ms)
  ✔ loads and migrates the legacy storage key without stranding saved work (1.0249ms)
  ✔ does not overwrite storage with an invalid job (1.0612ms)
  ✔ clears the saved job (0.4193ms)
  ✔ does not report success when storage silently drops or replaces a write (0.5147ms)
  ✔ reports a failed readback and permits an explicit retry without mutating the open job (0.8557ms)
✔ project persistence (62.9883ms)
▶ photo evidence panel
  ✔ renders real previews, revision/hash provenance, captions, links, ordering and removal (27.4503ms)
  ✔ renders empty and explicit error states (1.4437ms)
  ✔ passes expected revisions through every persisted mutation (0.2566ms)
✔ photo evidence panel (30.4208ms)
▶ Precision scope interaction
  ✔ maps translated/scaled pointers through an edge-clamped lens before the source transform, independently of DPR (5.5141ms)
  ✔ consumes wheel only in the circle, including at zoom limits, and never its rectangular corners (21.3676ms)
  ✔ renders exactly three posts, with bottom but no top post (0.6808ms)
  ✔ commits inverse-mapped source points into real measured runs and sketches with the original locked scale (15.8478ms)
✔ Precision scope interaction (44.8545ms)
✔ CSV handles BOM, quoted commas, escaped quotes and physical multiline provenance (5.1395ms)
✔ separator is explicit; malformed CSV and ambiguous mapping are blocked (1.3905ms)
✔ invalid prices, missing units, duplicate SKU and irregular row lengths fail without partial save (1.3744ms)
✔ provenance metadata and source mapping are validated, including leap dates (6.6432ms)
✔ revisions preserve original rates and applied worksheet references (6.5054ms)
✔ money calculation uses exact decimal arithmetic and explicit half-up rounding (0.5745ms)
✔ storage is job-scoped, preserves legacy rates and rejects stale writes (3.3086ms)
✔ corrupt and quota-failed storage is preserved; no phantom saved revision (1.2185ms)
✔ export records provenance and escapes spreadsheet formulas (0.8875ms)
✔ worksheet totals sum rounded lines and keep currencies and tax bases separate (40.4392ms)
✔ real XLSX selects the requested worksheet and header row with physical row provenance (98.3512ms)
✔ formula, shared/array formula, cached-result and spreadsheet errors never become mapped rates (29.0251ms)
✔ formula in an unmapped note column is never used, while mapped constants can be reviewed (8.2163ms)
✔ numeric SKU display padding is retained while price uses raw unrounded numeric value (24.0017ms)
✔ merged mapped cells, date-formatted rates and header formulas block with cell-level explanation (56.6843ms)
✔ truncated, non-workbook, CRC-corrupted and macro archives fail before price parsing (29.3511ms)
✔ ZIP expansion limit rejects oversized content and worksheets exceeding supported dimensions (350.4668ms)
✔ CSV header-row selection remains explicit and old CSV snapshots still validate unchanged (14.2771ms)
✔ request schema applies defaults, trims and bounds every field (10.2525ms)
✔ include and exclude domain filters are mutually exclusive (1.2214ms)
✔ public HTTPS validator rejects unsafe hosts, schemes, credentials and ports (8.0798ms)
✔ credit estimate is two per started ten results and refuses nonsense limits (0.3773ms)
✔ result and failure schemas bound candidates and enumerate failure codes (5.44ms)
✔ display summary reports query, country, timestamp, count and reported credits (1.0842ms)
✔ display summary names the supplier filter when the result carries include-only domains (0.6471ms)
▶ portable main workspace backups
  ✔ keeps v1 packages readable and version-binds new sheet and pricing records (90.2318ms)
  ✔ round-trips source-bound sheet organisation and job-bound pricing without accepting mismatched records (81.3333ms)
  ✔ round-trips two source documents, inactive-plan photo evidence and the full architectural design (22.0828ms)
  ✔ preserves every authored sheet layout, active selection, managed order and archived sheet through capture and parsing (34.3365ms)
  ✔ refuses a missing inactive-plan photo instead of producing an incomplete backup (15.2652ms)
  ✔ rejects missing plans, duplicate assets and unreferenced assets (8.3881ms)
  ✔ rejects modified source bytes, mismatched MIME types and page counts (8.874ms)
  ✔ rejects invalid encoding, future formats and unexpected top-level data (11.9571ms)
  ✔ rejects another project's design and corrupt saved modules (13.0507ms)
  ✔ rejects changes to the job or another saved module during capture (14.8659ms)
  ✔ rejects a job change that completes during the final asynchronous module read (7.0739ms)
  ✔ refuses a removed or silently changed original even when job and module records stay unchanged (26.7973ms)
  ✔ rechecks inactive-document photo bytes before returning the package (6.8017ms)
  ✔ does not conceal a stored original's wrong identity, kind or byte length (12.7067ms)
  ✔ accepts an empty job with clear zero-original coverage and trims its backup label (1.4906ms)
✔ portable main workspace backups (371.4838ms)
✔ failed hydration preserves the original through edits, error clearing and explicit save: {unreadable (8.6794ms)
✔ failed hydration preserves the original through edits, error clearing and explicit save: {"schemaVersion":9 (1.4242ms)
✔ read failure remains blocked, then retry restores the original identity before allowing saves (23.6822ms)
✔ quota and silent-write failures retain the in-memory edit, explicit retry persists it across reopen (14.9092ms)
✔ a stale window's autosave is refused, the newer stored revision survives and reload adopts it (21.4455ms)
✔ a storage event from another window marks the project stale, blocks autosave and reload clears it (26.2247ms)
✔ a failed reload after a stale event shows the load-failure notice, not the newer-revision heading (44.9415ms)
✔ storage events before hydration or after our own write are ignored (15.474ms)
▶ project registry parsing
  ✔ returns an empty registry for junk, foreign schemas and non-array entries (1.7707ms)
  ✔ keeps valid entries, drops malformed ones and de-duplicates ids (first wins) (0.4166ms)
  ✔ round-trips through injected storage and survives a throwing getItem (0.3804ms)
✔ project registry parsing (3.7701ms)
▶ project registry entries
  ✔ upserts in place, appends new ids, and returns the same object when nothing changes (0.6873ms)
  ✔ orders newest first with deterministic tie-breaks and removes by id (0.3783ms)
✔ project registry entries (1.3125ms)
▶ project shelf
  ✔ parks exact bytes under the prefixed key and hands them back once (12.0233ms)
✔ project shelf (12.2518ms)
▶ project switch planner
  ✔ switches to a shelved project: shelves the open bytes, indexes both, frees the target shelf (1.155ms)
  ✔ creates a new project: no shelf to free, fresh id indexed alongside the shelved current one (0.5383ms)
  ✔ refuses to switch to itself, to an unknown target, or with mismatched or missing bytes (1.1066ms)
  ✔ applies against the real compare-and-swap main key and restores byte-identical projects on the way back (11.5922ms)
  ✔ leaves the main key alone when the compare-and-swap is stale and the rollback undoes its writes (1.776ms)
✔ project switch planner (16.8733ms)
▶ assistant project tabs
  ✔ reads junk as no tabs and normalizes stored lists (0.5135ms)
  ✔ opens without moving existing tabs, closes, and picks the neighbour to focus (0.4309ms)
  ✔ caps at 12 tabs by evicting the oldest (0.2244ms)
✔ assistant project tabs (1.4162ms)
▶ runtime quote readiness
  ✔ fails closed while hydration is incomplete (14.1446ms)
  ✔ adds missing/corrupt original blockers beside pure domain blockers (0.6319ms)
✔ runtime quote readiness (15.9472ms)
✔ Carport enclosure has no open jambs or panel seams and the specified door clears its roof (13.5137ms)
✔ Decorative gables have roof slopes meeting the facade and no duplicate host roof underneath (1.2886ms)
✔ Redburn is bound to the supplied original, and modified source bytes are rejected (104.5813ms)
✔ Source window centres are physical apertures in walls and cladding, with separate selectable glass (7.8311ms)
✔ Floor isolation and camera metadata cannot admit invalid camera bases (593.3914ms)
▶ source page saved views
  ✔ round trips source centre and zoom when viewport changes aspect and size (41.217ms)
  ✔ refuses unloaded/nonfinite source geometry, unsupported zoom and invalid saved data (1.6104ms)
✔ source page saved views (43.9418ms)
▶ source sheet organisation
  ✔ persists custom disciplines and stable grouped order in backup and ordered export without source renumbering (36.2593ms)
  ✔ keeps old metadata byte-shape compatible and persists/removes source-page bookmarks without discarding grouping (3.0154ms)
  ✔ archive review counts only the selected page's evidence, deduplicates linked photos and refuses changed sources (0.9523ms)
  ✔ D-04: archive review counts the saved views stored on the reviewed page only and refuses a lifecycle from another source (1.1497ms)
  ✔ D-02: rename changes only the page label and discipline; page-keyed evidence and saved views are untouched (9.1413ms)
  ✔ D-05: a recovered middle page keeps its managed slot, metadata, saved views and page-keyed evidence (scale, annotations, traces, items) after neighbours moved, and the export reflects the same order (2.757ms)
  ✔ accepts valid source timestamps with a timezone offset (3.8344ms)
  ✔ renames and reorders without renumbering source pages or changing their source (0.6763ms)
  ✔ archives and recovers every page without deleting a page; ordering skips archived slots (1.0439ms)
  ✔ refuses stale edits and preserves the latest saved names (18.4102ms)
  ✔ keeps organisation separate when source bytes, revision, page count or project change (1.2452ms)
  ✔ refuses malformed stored metadata and does not overwrite it (3.0237ms)
  ✔ surfaces storage failures without presenting an unsaved edit as successful (1.1457ms)
  ✔ captures inactive documents and validates portable metadata against every exact source identity (2.0685ms)
✔ source sheet organisation (91.028ms)
▶ Keyboard Shortcuts Engine
  ▶ shouldIgnoreShortcuts
    ✔ returns false for null activeElement (1.2286ms)
    ✔ returns true for INPUT, TEXTAREA, and SELECT elements (0.5882ms)
    ✔ returns true for contenteditable elements (0.2967ms)
    ✔ returns false for standard elements (0.1979ms)
  ✔ shouldIgnoreShortcuts (3.8144ms)
  ▶ handleStudioKeyDown
    ✔ handles L for Length tool (7.176ms)
    ✔ handles uppercase keys (A for Area) (0.4537ms)
    ✔ handles C for Count tool (0.1898ms)
    ✔ handles M as the visible Move tool without routing to the removed Sketch pane (0.1787ms)
    ✔ handles Escape to cancel / clear pending (0.3114ms)
    ✔ handles Enter to commit pending if there are pending points (0.2463ms)
    ✔ does not handle Enter if pendingLength is 0 (0.1459ms)
    ✔ handles numeric keys (1-9) to switch panes (0.2185ms)
    ✔ ignores keys that are not registered (0.1961ms)
  ✔ handleStudioKeyDown (9.7149ms)
✔ Keyboard Shortcuts Engine (14.1804ms)
▶ Vector Snapping Engine
  ✔ should return the original cursor point if snapping is disabled (2.7885ms)
  ✔ should return the original cursor point if no vertices are within the snap radius (0.6727ms)
  ✔ should snap to the nearest PLAN vertex if within the snap radius (0.3463ms)
  ✔ should snap to manual markups if they are closer than other candidate points (2.0181ms)
  ✔ should snap to pending points when active (0.4186ms)
  ✔ should snap to elevation vertices correctly when sheetKind is elev and floors is 1 (0.5669ms)
  ✔ should snap to stacked elevation vertices correctly when sheetKind is elev and floors is 3 (0.7808ms)
✔ Vector Snapping Engine (11.191ms)
✔ real source geometry validates and original PDF bytes match, not caller-supplied flags (113.5348ms)
✔ rejects invalid source geometry before any GPU allocation (212.1878ms)
✔ source stream size gate applies to declared length and actual streamed bytes (68.3103ms)
✔ Redburn leaves retain glazing and moving mullions while door jambs remain fixed (66.5542ms)
▶ run specification panel
  ✔ renders construction inputs and quantity evidence without fence controls (14.3264ms)
  ✔ renders every frozen estimator group and revision (11.0929ms)
  ✔ binds all updates to the selected run ID and expected revision (0.3501ms)
✔ run specification panel (27.3943ms)
▶ trace editor panel
  ✔ allows split only at internal vertices and removal only when geometry remains valid (1.0391ms)
  ✔ renders revisioned length accounting and makes merge an explicit endpoint action (12.3962ms)
  ✔ renders controlled gate type, width and run association fields (5.5357ms)
  ✔ renders a clear empty state with disabled history actions (0.934ms)
✔ trace editor panel (22.1792ms)
▶ trace measurement and migration
  ✔ measures every polyline segment against the locked page calibration (8.3353ms)
  ✔ migrates existing v1 two-point runs and gates without changing IDs (4.4299ms)
  ✔ unions overlapping gate openings and caps deductions to gross length (2.6022ms)
  ✔ projects gate points deterministically onto a run (0.7298ms)
✔ trace measurement and migration (26.9574ms)
▶ pure editable trace commands
  ✔ moves, inserts and removes vertices with stable IDs and monotonic revisions (10.7177ms)
  ✔ rejects edits that produce zero-length geometry (0.8935ms)
  ✔ repairs corner and post vertex annotations across topology edits (3.3422ms)
  ✔ splits only at an internal vertex and deterministically reassigns gates (1.9314ms)
  ✔ merges compatible runs using explicit endpoint orientation (0.9689ms)
  ✔ places and removes a gate while recomputing net length and preserving undo state (1.7219ms)
✔ pure editable trace commands (23.8669ms)
▶ trace topology and serialized domain invariants
  ✔ reports duplicate IDs, stale lengths and invalid gate topology (1.461ms)
  ✔ migrates legacy serialized run/gate fields and validates domain relationships (18.6222ms)
✔ trace topology and serialized domain invariants (20.3438ms)
▶ PlanCanvas run and vertex hit-testing
  ✔ selects the closest segment of a multi-segment run in screen pixels (0.6822ms)
  ✔ does not select paths beyond the screen-space tolerance (0.1405ms)
  ✔ finds the nearest visible handle and keeps drag coordinates stable (0.6231ms)
✔ PlanCanvas run and vertex hit-testing (2.1867ms)
▶ PlanCanvas editing interaction precedence
  ✔ keeps calibration ahead of every editing action (0.1903ms)
  ✔ reserves explicit middle/right/shift gestures for pan (0.0909ms)
  ✔ places a gate on a hit run or vertex without stealing calibration or pan gestures (0.0913ms)
  ✔ keeps drawing ahead of existing geometry and moves only in explicit Move mode (0.1326ms)
  ✔ starts an area on a selected run vertex without mutating that run; explicit Move still edits and undo restores it (13.2317ms)
  ✔ cancels release for Escape/pointercancel, source/page changes, changed run revision, invalid or unchanged points (0.1967ms)
✔ PlanCanvas editing interaction precedence (14.2363ms)
▶ studio editable tracing store
  ✔ preserves legacy target-page geometry during cross-page move (16.7261ms)
  ✔ preserves legacy target-page geometry during cross-page remove (5.7848ms)
  ✔ preserves legacy target-page geometry during cross-page undo (4.7944ms)
  ✔ preserves legacy target-page geometry during cross-page redo (4.5871ms)
  ✔ permits a current-source target while preserving unrelated legacy page evidence (4.8064ms)
  ✔ commits a multi-segment run only on explicit completion (2.0804ms)
  ✔ moves, inserts and removes selected vertices through revision-safe commands (3.7005ms)
  ✔ projects gate edits, deducts width, and restores them with undo and redo (11.1386ms)
  ✔ splits and merges explicit endpoints while repairing selection (19.8189ms)
  ✔ removes a run and its gates atomically, then restores both (4.2878ms)
  ✔ bounds command history, clears redo on a branch, and blocks stale calibration (77.9235ms)
✔ studio editable tracing store (158.3965ms)
✔ thin walls stop large movement; tangential movement slides and corners stay solid (78.0162ms)
✔ real opening width and transformed swinging door determine passage; transparent windows remain solid (14.8818ms)
✔ head clearance, thick solid interiors and unsupported edges reject walking (4.6065ms)
✔ stair treads ascend and descend with floor following (12.4203ms)
✔ maximum .3m steps work while .31m ledges block in both directions (5.0488ms)
✔ floor-backed narrow thresholds, grout and seams remain traversable in separate frames (67.0714ms)
✔ a low solid strip cannot become an invented floor across an unsupported gap (6.2865ms)
✔ malformed mesh fails closed repeatedly; changed attributes rebuild cached geometry (3.4543ms)
✔ actual Redburn selected starts remain walkable despite fine floor seams (152.4901ms)
✔ full Redburn stair surroundings retain physical blockers rather than inventing missing support (140.7158ms)
✔ actual Redburn 18-tread mesh supports ascent and descent without modifying original geometry (46.9638ms)
✔ Redburn recommends real clear room starts on both floors with canonical camera heading (1118.2224ms)
✔ manual placement refuses walls, low fixtures, thick solids, edges and invalid coordinates (1.3077ms)
✔ floor support follows triangle footprints, not a rectangular bounding box (0.1565ms)
✔ unsupported levels, missing elevation and invalid geometry fail without invented ground (0.1878ms)
✔ actual supporting stepdown elevation is retained and cramped spaces refuse a blank-wall start (1.2503ms)
✔ first-person strafing follows camera right and forward follows mouse heading (1.2153ms)
✔ diagonal movement is normalized; opposite keys cancel and walkthrough holds altitude (0.2281ms)
✔ menu widths reject malformed preferences and retain usable central space (1.0346ms)
✔ location annotations are bounded by their actual floor and require a room name (7.0759ms)
✔ saved location identity separates source revisions and components (0.317ms)
✔ part map keeps the component visible even when a linked room is elsewhere on its floor (0.4887ms)
✔ legacy appearance preferences migrate and weather/model settings validate (0.5744ms)
ℹ tests 1119
ℹ suites 88
ℹ pass 1119
ℹ fail 0
ℹ cancelled 0
ℹ skipped 0
ℹ todo 0
ℹ duration_ms 4833.6745
